arm,x_pixel,y_pixel,time_months,survival
placebo_chemo,106.00,26.00,0.0673,0.99884
placebo_chemo,107.00,26.00,0.0934,0.99884
placebo_chemo,108.00,26.00,0.1196,0.99884
placebo_chemo,109.00,26.50,0.1457,0.99827
placebo_chemo,110.00,26.00,0.1719,0.99884
placebo_chemo,138.00,31.00,0.9041,0.99306
placebo_chemo,139.00,31.00,0.9303,0.99306
placebo_chemo,140.00,31.00,0.9564,0.99306
placebo_chemo,141.00,31.00,0.9826,0.99306
placebo_chemo,142.00,30.50,1.0087,0.99364
placebo_chemo,143.00,29.50,1.0349,0.99480
placebo_chemo,144.00,29.50,1.0610,0.99480
placebo_chemo,145.00,29.50,1.0872,0.99480
placebo_chemo,146.00,29.50,1.1134,0.99480
placebo_chemo,147.00,29.50,1.1395,0.99480
placebo_chemo,148.00,29.50,1.1657,0.99480
placebo_chemo,149.00,29.50,1.1918,0.99480
placebo_chemo,150.00,29.50,1.2180,0.99480
placebo_chemo,151.00,29.50,1.2441,0.99480
placebo_chemo,152.00,29.50,1.2703,0.99480
placebo_chemo,153.00,30.50,1.2964,0.99364
placebo_chemo,154.00,30.50,1.3226,0.99364
placebo_chemo,155.00,30.00,1.3487,0.99422
placebo_chemo,156.00,30.50,1.3749,0.99364
placebo_chemo,157.00,30.00,1.4010,0.99422
placebo_chemo,158.00,30.50,1.4272,0.99364
placebo_chemo,159.00,30.00,1.4533,0.99422
placebo_chemo,164.00,38.50,1.5841,0.98439
placebo_chemo,165.00,39.00,1.6102,0.98382
placebo_chemo,166.00,39.00,1.6364,0.98382
placebo_chemo,167.00,39.00,1.6625,0.98382
placebo_chemo,169.00,33.50,1.7148,0.99017
placebo_chemo,170.00,33.50,1.7410,0.99017
placebo_chemo,173.00,55.00,1.8195,0.96532
placebo_chemo,174.00,53.50,1.8456,0.96705
placebo_chemo,175.00,60.50,1.8718,0.95896
placebo_chemo,176.00,61.50,1.8979,0.95780
placebo_chemo,177.00,65.00,1.9241,0.95376
placebo_chemo,178.00,65.00,1.9502,0.95376
placebo_chemo,179.00,65.50,1.9764,0.95318
placebo_chemo,180.00,65.00,2.0025,0.95376
placebo_chemo,181.00,82.00,2.0287,0.93410
placebo_chemo,182.00,82.50,2.0548,0.93353
placebo_chemo,183.00,78.50,2.0810,0.93815
placebo_chemo,184.00,78.00,2.1071,0.93873
placebo_chemo,185.00,78.00,2.1333,0.93873
placebo_chemo,186.00,78.50,2.1594,0.93815
placebo_chemo,187.00,81.50,2.1856,0.93468
placebo_chemo,188.00,88.50,2.2117,0.92659
placebo_chemo,189.00,88.50,2.2379,0.92659
placebo_chemo,190.00,88.00,2.2640,0.92717
placebo_chemo,191.00,95.50,2.2902,0.91850
placebo_chemo,192.00,96.50,2.3163,0.91734
placebo_chemo,193.00,97.50,2.3425,0.91618
placebo_chemo,194.00,97.50,2.3686,0.91618
placebo_chemo,195.00,96.50,2.3948,0.91734
placebo_chemo,196.00,96.50,2.4209,0.91734
placebo_chemo,197.00,97.00,2.4471,0.91676
placebo_chemo,198.00,97.50,2.4732,0.91618
placebo_chemo,199.00,97.50,2.4994,0.91618
placebo_chemo,200.00,97.50,2.5256,0.91618
placebo_chemo,201.00,97.50,2.5517,0.91618
placebo_chemo,202.00,97.00,2.5779,0.91676
placebo_chemo,207.00,100.50,2.7086,0.91272
placebo_chemo,208.00,100.50,2.7348,0.91272
placebo_chemo,209.00,100.50,2.7609,0.91272
placebo_chemo,210.00,100.50,2.7871,0.91272
placebo_chemo,213.00,100.50,2.8655,0.91272
placebo_chemo,214.00,100.00,2.8917,0.91329
placebo_chemo,215.00,100.00,2.9178,0.91329
placebo_chemo,216.00,100.50,2.9440,0.91272
placebo_chemo,217.00,100.00,2.9701,0.91329
placebo_chemo,221.00,105.50,3.0747,0.90694
placebo_chemo,222.00,105.50,3.1009,0.90694
placebo_chemo,223.00,102.50,3.1270,0.91040
placebo_chemo,224.00,102.50,3.1532,0.91040
placebo_chemo,225.00,102.50,3.1794,0.91040
placebo_chemo,226.00,102.50,3.2055,0.91040
placebo_chemo,229.00,103.50,3.2840,0.90925
placebo_chemo,230.00,104.00,3.3101,0.90867
placebo_chemo,231.00,103.00,3.3363,0.90983
placebo_chemo,232.00,103.50,3.3624,0.90925
placebo_chemo,233.00,103.00,3.3886,0.90983
placebo_chemo,242.00,109.00,3.6239,0.90289
placebo_chemo,243.00,110.00,3.6501,0.90173
placebo_chemo,244.00,110.00,3.6762,0.90173
placebo_chemo,245.00,110.00,3.7024,0.90173
placebo_chemo,246.00,110.00,3.7285,0.90173
placebo_chemo,249.00,115.50,3.8070,0.89538
placebo_chemo,250.00,115.50,3.8331,0.89538
placebo_chemo,253.00,124.50,3.9116,0.88497
placebo_chemo,254.00,123.50,3.9378,0.88613
placebo_chemo,255.00,124.50,3.9639,0.88497
placebo_chemo,256.00,124.50,3.9901,0.88497
placebo_chemo,257.00,128.50,4.0162,0.88035
placebo_chemo,258.00,128.50,4.0424,0.88035
placebo_chemo,259.00,128.50,4.0685,0.88035
placebo_chemo,260.00,128.50,4.0947,0.88035
placebo_chemo,261.00,128.50,4.1208,0.88035
placebo_chemo,262.00,129.00,4.1470,0.87977
placebo_chemo,263.00,136.00,4.1731,0.87168
placebo_chemo,264.00,136.00,4.1993,0.87168
placebo_chemo,265.00,149.00,4.2254,0.85665
placebo_chemo,266.00,149.50,4.2516,0.85607
placebo_chemo,267.00,161.00,4.2777,0.84277
placebo_chemo,268.00,162.00,4.3039,0.84162
placebo_chemo,269.00,161.00,4.3300,0.84277
placebo_chemo,270.00,160.50,4.3562,0.84335
placebo_chemo,273.00,174.50,4.4346,0.82717
placebo_chemo,274.00,174.00,4.4608,0.82775
placebo_chemo,275.00,174.00,4.4869,0.82775
placebo_chemo,276.00,174.00,4.5131,0.82775
placebo_chemo,277.00,173.50,4.5392,0.82832
placebo_chemo,278.00,173.50,4.5654,0.82832
placebo_chemo,281.00,185.50,4.6439,0.81445
placebo_chemo,282.00,185.50,4.6700,0.81445
placebo_chemo,283.00,184.00,4.6962,0.81618
placebo_chemo,284.00,184.00,4.7223,0.81618
placebo_chemo,285.00,184.00,4.7485,0.81618
placebo_chemo,286.00,184.00,4.7746,0.81618
placebo_chemo,287.00,185.50,4.8008,0.81445
placebo_chemo,288.00,185.50,4.8269,0.81445
placebo_chemo,289.00,189.50,4.8531,0.80983
placebo_chemo,290.00,189.50,4.8792,0.80983
placebo_chemo,291.00,200.50,4.9054,0.79711
placebo_chemo,292.00,200.50,4.9315,0.79711
placebo_chemo,293.00,201.50,4.9577,0.79595
placebo_chemo,294.00,201.50,4.9838,0.79595
placebo_chemo,295.00,199.50,5.0100,0.79827
placebo_chemo,296.00,199.50,5.0361,0.79827
placebo_chemo,297.00,199.50,5.0623,0.79827
placebo_chemo,298.00,199.50,5.0884,0.79827
placebo_chemo,299.00,205.50,5.1146,0.79133
placebo_chemo,300.00,205.50,5.1407,0.79133
placebo_chemo,301.00,204.50,5.1669,0.79249
placebo_chemo,302.00,204.50,5.1930,0.79249
placebo_chemo,303.00,210.00,5.2192,0.78613
placebo_chemo,304.00,210.50,5.2453,0.78555
placebo_chemo,305.00,210.50,5.2715,0.78555
placebo_chemo,306.00,210.50,5.2977,0.78555
placebo_chemo,307.00,211.50,5.3238,0.78439
placebo_chemo,308.00,210.50,5.3500,0.78555
placebo_chemo,309.00,215.50,5.3761,0.77977
placebo_chemo,310.00,215.50,5.4023,0.77977
placebo_chemo,324.00,219.00,5.7684,0.77572
placebo_chemo,325.00,219.00,5.7945,0.77572
placebo_chemo,326.00,219.00,5.8207,0.77572
placebo_chemo,327.00,219.00,5.8468,0.77572
placebo_chemo,328.00,219.00,5.8730,0.77572
placebo_chemo,329.00,234.50,5.8991,0.75780
placebo_chemo,330.00,234.50,5.9253,0.75780
placebo_chemo,331.00,243.50,5.9515,0.74740
placebo_chemo,332.00,243.50,5.9776,0.74740
placebo_chemo,333.00,252.50,6.0038,0.73699
placebo_chemo,334.00,252.50,6.0299,0.73699
placebo_chemo,335.00,248.50,6.0561,0.74162
placebo_chemo,336.00,248.50,6.0822,0.74162
placebo_chemo,337.00,256.00,6.1084,0.73295
placebo_chemo,338.00,256.00,6.1345,0.73295
placebo_chemo,339.00,259.00,6.1607,0.72948
placebo_chemo,340.00,259.00,6.1868,0.72948
placebo_chemo,341.00,274.50,6.2130,0.71156
placebo_chemo,342.00,277.00,6.2391,0.70867
placebo_chemo,343.00,291.00,6.2653,0.69249
placebo_chemo,344.00,291.00,6.2914,0.69249
placebo_chemo,345.00,313.00,6.3176,0.66705
placebo_chemo,346.00,314.00,6.3437,0.66590
placebo_chemo,347.00,318.50,6.3699,0.66069
placebo_chemo,348.00,318.50,6.3960,0.66069
placebo_chemo,349.00,319.50,6.4222,0.65954
placebo_chemo,350.00,319.50,6.4483,0.65954
placebo_chemo,351.00,319.50,6.4745,0.65954
placebo_chemo,352.00,319.50,6.5006,0.65954
placebo_chemo,353.00,321.50,6.5268,0.65723
placebo_chemo,354.00,321.50,6.5529,0.65723
placebo_chemo,359.00,330.50,6.6837,0.64682
placebo_chemo,360.00,330.50,6.7099,0.64682
placebo_chemo,361.00,331.50,6.7360,0.64566
placebo_chemo,362.00,331.50,6.7622,0.64566
placebo_chemo,363.00,333.50,6.7883,0.64335
placebo_chemo,364.00,333.50,6.8145,0.64335
placebo_chemo,365.00,337.50,6.8406,0.63873
placebo_chemo,366.00,337.50,6.8668,0.63873
placebo_chemo,367.00,347.50,6.8929,0.62717
placebo_chemo,368.00,347.50,6.9191,0.62717
placebo_chemo,369.00,337.50,6.9452,0.63873
placebo_chemo,370.00,337.50,6.9714,0.63873
placebo_chemo,371.00,330.50,6.9975,0.64682
placebo_chemo,372.00,330.50,7.0237,0.64682
placebo_chemo,375.00,348.50,7.1021,0.62601
placebo_chemo,376.00,348.50,7.1283,0.62601
placebo_chemo,377.00,345.50,7.1544,0.62948
placebo_chemo,378.00,345.50,7.1806,0.62948
placebo_chemo,379.00,350.50,7.2067,0.62370
placebo_chemo,380.00,350.50,7.2329,0.62370
placebo_chemo,381.00,350.50,7.2590,0.62370
placebo_chemo,382.00,350.50,7.2852,0.62370
placebo_chemo,383.00,350.50,7.3113,0.62370
placebo_chemo,384.00,350.50,7.3375,0.62370
placebo_chemo,389.00,350.50,7.4683,0.62370
placebo_chemo,390.00,350.50,7.4944,0.62370
placebo_chemo,391.00,350.50,7.5206,0.62370
placebo_chemo,392.00,351.00,7.5467,0.62312
placebo_chemo,393.00,350.50,7.5729,0.62370
placebo_chemo,394.00,350.50,7.5990,0.62370
placebo_chemo,395.00,350.50,7.6252,0.62370
placebo_chemo,396.00,350.50,7.6513,0.62370
placebo_chemo,397.00,352.00,7.6775,0.62197
placebo_chemo,398.00,353.50,7.7036,0.62023
placebo_chemo,399.00,353.50,7.7298,0.62023
placebo_chemo,400.00,353.50,7.7559,0.62023
placebo_chemo,401.00,350.50,7.7821,0.62370
placebo_chemo,402.00,350.50,7.8082,0.62370
placebo_chemo,405.00,356.50,7.8867,0.61676
placebo_chemo,406.00,356.50,7.9128,0.61676
placebo_chemo,407.00,356.50,7.9390,0.61676
placebo_chemo,408.00,356.50,7.9651,0.61676
placebo_chemo,409.00,369.50,7.9913,0.60173
placebo_chemo,410.00,369.50,8.0175,0.60173
placebo_chemo,411.00,371.00,8.0436,0.60000
placebo_chemo,412.00,370.00,8.0698,0.60116
placebo_chemo,413.00,372.00,8.0959,0.59884
placebo_chemo,414.00,372.50,8.1221,0.59827
placebo_chemo,415.00,367.50,8.1482,0.60405
placebo_chemo,416.00,367.50,8.1744,0.60405
placebo_chemo,417.00,405.50,8.2005,0.56012
placebo_chemo,418.00,405.50,8.2267,0.56012
placebo_chemo,419.00,402.50,8.2528,0.56358
placebo_chemo,420.00,402.50,8.2790,0.56358
placebo_chemo,421.00,406.50,8.3051,0.55896
placebo_chemo,422.00,406.50,8.3313,0.55896
placebo_chemo,423.00,406.50,8.3574,0.55896
placebo_chemo,424.00,406.50,8.3836,0.55896
placebo_chemo,425.00,435.50,8.4097,0.52543
placebo_chemo,426.00,435.50,8.4359,0.52543
placebo_chemo,427.00,448.50,8.4620,0.51040
placebo_chemo,428.00,448.50,8.4882,0.51040
placebo_chemo,429.00,448.50,8.5143,0.51040
placebo_chemo,430.00,448.50,8.5405,0.51040
placebo_chemo,431.00,450.50,8.5666,0.50809
placebo_chemo,432.00,450.50,8.5928,0.50809
placebo_chemo,433.00,454.50,8.6189,0.50347
placebo_chemo,434.00,454.50,8.6451,0.50347
placebo_chemo,435.00,468.50,8.6712,0.48728
placebo_chemo,436.00,468.50,8.6974,0.48728
placebo_chemo,437.00,468.50,8.7236,0.48728
placebo_chemo,438.00,468.50,8.7497,0.48728
placebo_chemo,439.00,468.50,8.7759,0.48728
placebo_chemo,440.00,468.50,8.8020,0.48728
placebo_chemo,441.00,468.50,8.8282,0.48728
placebo_chemo,442.00,468.50,8.8543,0.48728
placebo_chemo,443.00,472.50,8.8805,0.48266
placebo_chemo,444.00,472.50,8.9066,0.48266
placebo_chemo,447.00,476.50,8.9851,0.47803
placebo_chemo,448.00,476.50,9.0112,0.47803
placebo_chemo,449.00,477.50,9.0374,0.47688
placebo_chemo,450.00,477.50,9.0635,0.47688
placebo_chemo,451.00,477.50,9.0897,0.47688
placebo_chemo,452.00,477.50,9.1158,0.47688
placebo_chemo,453.00,477.50,9.1420,0.47688
placebo_chemo,454.00,477.50,9.1681,0.47688
placebo_chemo,455.00,479.50,9.1943,0.47457
placebo_chemo,456.00,479.50,9.2204,0.47457
placebo_chemo,457.00,479.50,9.2466,0.47457
placebo_chemo,458.00,479.50,9.2727,0.47457
placebo_chemo,459.00,480.50,9.2989,0.47341
placebo_chemo,460.00,480.50,9.3250,0.47341
placebo_chemo,461.00,482.50,9.3512,0.47110
placebo_chemo,462.00,482.50,9.3773,0.47110
placebo_chemo,463.00,484.50,9.4035,0.46879
placebo_chemo,464.00,484.50,9.4297,0.46879
placebo_chemo,465.00,484.50,9.4558,0.46879
placebo_chemo,466.00,484.50,9.4820,0.46879
placebo_chemo,467.00,484.50,9.5081,0.46879
placebo_chemo,468.00,484.50,9.5343,0.46879
placebo_chemo,469.00,488.50,9.5604,0.46416
placebo_chemo,470.00,488.50,9.5866,0.46416
placebo_chemo,473.00,488.50,9.6650,0.46416
placebo_chemo,474.00,488.50,9.6912,0.46416
placebo_chemo,475.00,487.50,9.7173,0.46532
placebo_chemo,476.00,487.50,9.7435,0.46532
placebo_chemo,477.00,487.50,9.7696,0.46532
placebo_chemo,478.00,487.50,9.7958,0.46532
placebo_chemo,479.00,487.50,9.8219,0.46532
placebo_chemo,480.00,487.50,9.8481,0.46532
placebo_chemo,481.00,487.50,9.8742,0.46532
placebo_chemo,482.00,487.50,9.9004,0.46532
placebo_chemo,483.00,487.50,9.9265,0.46532
placebo_chemo,484.00,487.50,9.9527,0.46532
placebo_chemo,489.00,487.50,10.0834,0.46532
placebo_chemo,490.00,487.50,10.1096,0.46532
placebo_chemo,491.00,487.50,10.1358,0.46532
placebo_chemo,492.00,487.50,10.1619,0.46532
placebo_chemo,493.00,489.50,10.1881,0.46301
placebo_chemo,494.00,489.50,10.2142,0.46301
placebo_chemo,495.00,492.50,10.2404,0.45954
placebo_chemo,496.00,492.50,10.2665,0.45954
placebo_chemo,497.00,495.50,10.2927,0.45607
placebo_chemo,498.00,495.50,10.3188,0.45607
placebo_chemo,499.00,495.50,10.3450,0.45607
placebo_chemo,500.00,495.50,10.3711,0.45607
placebo_chemo,501.00,502.50,10.3973,0.44798
placebo_chemo,502.00,502.50,10.4234,0.44798
placebo_chemo,503.00,506.50,10.4496,0.44335
placebo_chemo,504.00,506.50,10.4757,0.44335
placebo_chemo,505.00,509.50,10.5019,0.43988
placebo_chemo,506.00,509.50,10.5280,0.43988
placebo_chemo,507.00,512.50,10.5542,0.43642
placebo_chemo,508.00,512.50,10.5803,0.43642
placebo_chemo,509.00,520.50,10.6065,0.42717
placebo_chemo,510.00,520.50,10.6326,0.42717
placebo_chemo,511.00,522.50,10.6588,0.42486
placebo_chemo,512.00,522.50,10.6849,0.42486
placebo_chemo,513.00,526.50,10.7111,0.42023
placebo_chemo,514.00,526.50,10.7372,0.42023
placebo_chemo,515.00,529.50,10.7634,0.41676
placebo_chemo,516.00,529.50,10.7896,0.41676
placebo_chemo,517.00,530.50,10.8157,0.41561
placebo_chemo,518.00,530.50,10.8419,0.41561
placebo_chemo,519.00,539.50,10.8680,0.40520
placebo_chemo,520.00,539.50,10.8942,0.40520
placebo_chemo,521.00,551.50,10.9203,0.39133
placebo_chemo,522.00,551.50,10.9465,0.39133
placebo_chemo,523.00,556.50,10.9726,0.38555
placebo_chemo,524.00,556.50,10.9988,0.38555
placebo_chemo,525.00,559.50,11.0249,0.38208
placebo_chemo,526.00,559.50,11.0511,0.38208
placebo_chemo,527.00,573.50,11.0772,0.36590
placebo_chemo,528.00,573.50,11.1034,0.36590
placebo_chemo,529.00,577.50,11.1295,0.36127
placebo_chemo,530.00,577.50,11.1557,0.36127
placebo_chemo,531.00,608.50,11.1818,0.32543
placebo_chemo,532.00,608.50,11.2080,0.32543
placebo_chemo,533.00,604.50,11.2341,0.33006
placebo_chemo,534.00,604.50,11.2603,0.33006
placebo_chemo,535.00,608.50,11.2864,0.32543
placebo_chemo,536.00,608.50,11.3126,0.32543
placebo_chemo,537.00,613.50,11.3387,0.31965
placebo_chemo,538.00,613.50,11.3649,0.31965
placebo_chemo,539.00,617.50,11.3910,0.31503
placebo_chemo,540.00,617.50,11.4172,0.31503
placebo_chemo,541.00,634.50,11.4433,0.29538
placebo_chemo,542.00,634.50,11.4695,0.29538
placebo_chemo,543.00,634.00,11.4957,0.29595
placebo_chemo,544.00,634.00,11.5218,0.29595
placebo_chemo,545.00,633.50,11.5480,0.29653
placebo_chemo,546.00,633.50,11.5741,0.29653
placebo_chemo,547.00,634.50,11.6003,0.29538
placebo_chemo,548.00,634.50,11.6264,0.29538
placebo_chemo,549.00,644.50,11.6526,0.28382
placebo_chemo,550.00,644.50,11.6787,0.28382
placebo_chemo,551.00,644.50,11.7049,0.28382
placebo_chemo,552.00,644.50,11.7310,0.28382
placebo_chemo,553.00,644.50,11.7572,0.28382
placebo_chemo,554.00,644.50,11.7833,0.28382
placebo_chemo,555.00,644.50,11.8095,0.28382
placebo_chemo,556.00,644.50,11.8356,0.28382
placebo_chemo,557.00,644.50,11.8618,0.28382
placebo_chemo,558.00,644.50,11.8879,0.28382
placebo_chemo,559.00,644.50,11.9141,0.28382
placebo_chemo,560.00,644.50,11.9402,0.28382
placebo_chemo,563.00,644.50,12.0187,0.28382
placebo_chemo,564.00,644.50,12.0448,0.28382
placebo_chemo,565.00,644.50,12.0710,0.28382
placebo_chemo,566.00,644.50,12.0971,0.28382
placebo_chemo,567.00,644.50,12.1233,0.28382
placebo_chemo,568.00,644.50,12.1494,0.28382
placebo_chemo,569.00,644.50,12.1756,0.28382
placebo_chemo,570.00,644.50,12.2018,0.28382
placebo_chemo,571.00,644.50,12.2279,0.28382
placebo_chemo,572.00,644.50,12.2541,0.28382
placebo_chemo,573.00,644.50,12.2802,0.28382
placebo_chemo,574.00,644.50,12.3064,0.28382
placebo_chemo,575.00,647.50,12.3325,0.28035
placebo_chemo,576.00,647.50,12.3587,0.28035
placebo_chemo,577.00,648.50,12.3848,0.27919
placebo_chemo,578.00,648.50,12.4110,0.27919
placebo_chemo,579.00,647.50,12.4371,0.28035
placebo_chemo,580.00,647.50,12.4633,0.28035
placebo_chemo,581.00,647.50,12.4894,0.28035
placebo_chemo,582.00,647.50,12.5156,0.28035
placebo_chemo,583.00,651.50,12.5417,0.27572
placebo_chemo,584.00,651.50,12.5679,0.27572
placebo_chemo,585.00,653.50,12.5940,0.27341
placebo_chemo,586.00,653.50,12.6202,0.27341
placebo_chemo,589.00,655.50,12.6986,0.27110
placebo_chemo,590.00,655.50,12.7248,0.27110
placebo_chemo,591.00,651.50,12.7509,0.27572
placebo_chemo,592.00,651.50,12.7771,0.27572
placebo_chemo,593.00,651.50,12.8032,0.27572
placebo_chemo,594.00,651.50,12.8294,0.27572
placebo_chemo,595.00,651.50,12.8555,0.27572
placebo_chemo,596.00,651.50,12.8817,0.27572
placebo_chemo,597.00,651.50,12.9079,0.27572
placebo_chemo,598.00,651.50,12.9340,0.27572
placebo_chemo,599.00,651.50,12.9602,0.27572
placebo_chemo,600.00,651.50,12.9863,0.27572
placebo_chemo,601.00,654.50,13.0125,0.27225
placebo_chemo,602.00,654.50,13.0386,0.27225
placebo_chemo,603.00,654.50,13.0648,0.27225
placebo_chemo,604.00,654.50,13.0909,0.27225
placebo_chemo,605.00,654.50,13.1171,0.27225
placebo_chemo,606.00,654.50,13.1432,0.27225
placebo_chemo,607.00,655.50,13.1694,0.27110
placebo_chemo,608.00,655.50,13.1955,0.27110
placebo_chemo,609.00,658.50,13.2217,0.26763
placebo_chemo,610.00,658.50,13.2478,0.26763
placebo_chemo,611.00,658.50,13.2740,0.26763
placebo_chemo,612.00,658.50,13.3001,0.26763
placebo_chemo,613.00,662.50,13.3263,0.26301
placebo_chemo,614.00,662.50,13.3524,0.26301
placebo_chemo,615.00,662.50,13.3786,0.26301
placebo_chemo,616.00,662.50,13.4047,0.26301
placebo_chemo,617.00,662.50,13.4309,0.26301
placebo_chemo,618.00,662.50,13.4570,0.26301
placebo_chemo,619.00,665.50,13.4832,0.25954
placebo_chemo,620.00,665.50,13.5093,0.25954
placebo_chemo,621.00,669.50,13.5355,0.25491
placebo_chemo,622.00,669.50,13.5617,0.25491
placebo_chemo,623.00,677.50,13.5878,0.24566
placebo_chemo,624.00,677.50,13.6140,0.24566
placebo_chemo,625.00,677.50,13.6401,0.24566
placebo_chemo,626.00,677.50,13.6663,0.24566
placebo_chemo,627.00,680.50,13.6924,0.24220
placebo_chemo,628.00,680.50,13.7186,0.24220
placebo_chemo,629.00,683.50,13.7447,0.23873
placebo_chemo,630.00,683.50,13.7709,0.23873
placebo_chemo,631.00,691.50,13.7970,0.22948
placebo_chemo,632.00,691.50,13.8232,0.22948
placebo_chemo,633.00,692.50,13.8493,0.22832
placebo_chemo,634.00,692.50,13.8755,0.22832
placebo_chemo,635.00,692.50,13.9016,0.22832
placebo_chemo,636.00,692.50,13.9278,0.22832
placebo_chemo,637.00,696.50,13.9539,0.22370
placebo_chemo,638.00,696.50,13.9801,0.22370
placebo_chemo,639.00,696.50,14.0062,0.22370
placebo_chemo,640.00,696.50,14.0324,0.22370
placebo_chemo,641.00,691.50,14.0585,0.22948
placebo_chemo,642.00,691.50,14.0847,0.22948
placebo_chemo,643.00,697.50,14.1108,0.22254
placebo_chemo,644.00,697.50,14.1370,0.22254
placebo_chemo,645.00,702.50,14.1631,0.21676
placebo_chemo,646.00,702.50,14.1893,0.21676
placebo_chemo,647.00,702.50,14.2154,0.21676
placebo_chemo,648.00,702.50,14.2416,0.21676
placebo_chemo,649.00,702.50,14.2678,0.21676
placebo_chemo,650.00,702.50,14.2939,0.21676
placebo_chemo,651.00,702.50,14.3201,0.21676
placebo_chemo,652.00,702.50,14.3462,0.21676
placebo_chemo,653.00,702.50,14.3724,0.21676
placebo_chemo,654.00,702.50,14.3985,0.21676
placebo_chemo,655.00,702.50,14.4247,0.21676
placebo_chemo,656.00,702.50,14.4508,0.21676
placebo_chemo,657.00,702.50,14.4770,0.21676
placebo_chemo,658.00,702.50,14.5031,0.21676
placebo_chemo,661.00,705.50,14.5816,0.21329
placebo_chemo,662.00,705.50,14.6077,0.21329
placebo_chemo,663.00,714.50,14.6339,0.20289
placebo_chemo,664.00,714.50,14.6600,0.20289
placebo_chemo,665.00,699.50,14.6862,0.22023
placebo_chemo,666.00,699.50,14.7123,0.22023
placebo_chemo,667.00,706.50,14.7385,0.21214
placebo_chemo,668.00,706.50,14.7646,0.21214
placebo_chemo,669.00,709.50,14.7908,0.20867
placebo_chemo,670.00,709.50,14.8169,0.20867
placebo_chemo,671.00,711.50,14.8431,0.20636
placebo_chemo,672.00,711.50,14.8692,0.20636
placebo_chemo,673.00,711.50,14.8954,0.20636
placebo_chemo,674.00,711.50,14.9215,0.20636
placebo_chemo,675.00,711.50,14.9477,0.20636
placebo_chemo,676.00,711.50,14.9739,0.20636
placebo_chemo,677.00,711.50,15.0000,0.20636
placebo_chemo,678.00,711.50,15.0262,0.20636
placebo_chemo,679.00,711.50,15.0523,0.20636
placebo_chemo,680.00,711.50,15.0785,0.20636
placebo_chemo,681.00,711.50,15.1046,0.20636
placebo_chemo,682.00,711.50,15.1308,0.20636
placebo_chemo,683.00,711.50,15.1569,0.20636
placebo_chemo,684.00,711.50,15.1831,0.20636
placebo_chemo,685.00,711.50,15.2092,0.20636
placebo_chemo,686.00,711.50,15.2354,0.20636
placebo_chemo,687.00,710.50,15.2615,0.20751
placebo_chemo,688.00,710.50,15.2877,0.20751
placebo_chemo,691.00,709.50,15.3661,0.20867
placebo_chemo,692.00,709.50,15.3923,0.20867
placebo_chemo,693.00,711.50,15.4184,0.20636
placebo_chemo,694.00,711.50,15.4446,0.20636
placebo_chemo,695.00,711.50,15.4707,0.20636
placebo_chemo,696.00,711.50,15.4969,0.20636
placebo_chemo,697.00,711.50,15.5230,0.20636
placebo_chemo,698.00,711.50,15.5492,0.20636
placebo_chemo,699.00,711.50,15.5753,0.20636
placebo_chemo,700.00,711.50,15.6015,0.20636
placebo_chemo,701.00,711.50,15.6277,0.20636
placebo_chemo,702.00,711.50,15.6538,0.20636
placebo_chemo,703.00,711.50,15.6800,0.20636
placebo_chemo,704.00,711.50,15.7061,0.20636
placebo_chemo,705.00,711.50,15.7323,0.20636
placebo_chemo,706.00,711.50,15.7584,0.20636
placebo_chemo,707.00,711.50,15.7846,0.20636
placebo_chemo,708.00,711.50,15.8107,0.20636
placebo_chemo,709.00,711.50,15.8369,0.20636
placebo_chemo,710.00,711.50,15.8630,0.20636
placebo_chemo,711.00,711.50,15.8892,0.20636
placebo_chemo,712.00,711.50,15.9153,0.20636
placebo_chemo,713.00,711.50,15.9415,0.20636
placebo_chemo,714.00,711.50,15.9676,0.20636
placebo_chemo,715.00,711.50,15.9938,0.20636
placebo_chemo,716.00,711.50,16.0199,0.20636
placebo_chemo,717.00,711.00,16.0461,0.20694
placebo_chemo,718.00,711.00,16.0722,0.20694
placebo_chemo,719.00,713.00,16.0984,0.20462
placebo_chemo,720.00,716.50,16.1245,0.20058
placebo_chemo,721.00,715.50,16.1507,0.20173
placebo_chemo,722.00,715.50,16.1768,0.20173
placebo_chemo,723.00,716.50,16.2030,0.20058
placebo_chemo,724.00,716.50,16.2291,0.20058
placebo_chemo,725.00,718.50,16.2553,0.19827
placebo_chemo,726.00,718.50,16.2814,0.19827
placebo_chemo,727.00,724.50,16.3076,0.19133
placebo_chemo,728.00,724.50,16.3338,0.19133
placebo_chemo,729.00,723.50,16.3599,0.19249
placebo_chemo,730.00,723.50,16.3861,0.19249
placebo_chemo,731.00,724.50,16.4122,0.19133
placebo_chemo,732.00,724.50,16.4384,0.19133
placebo_chemo,733.00,728.50,16.4645,0.18671
placebo_chemo,734.00,728.50,16.4907,0.18671
placebo_chemo,735.00,730.50,16.5168,0.18439
placebo_chemo,736.00,730.50,16.5430,0.18439
placebo_chemo,739.00,730.50,16.6214,0.18439
placebo_chemo,740.00,730.50,16.6476,0.18439
placebo_chemo,741.00,729.50,16.6737,0.18555
placebo_chemo,742.00,729.50,16.6999,0.18555
placebo_chemo,743.00,729.50,16.7260,0.18555
placebo_chemo,744.00,729.50,16.7522,0.18555
placebo_chemo,745.00,729.50,16.7783,0.18555
placebo_chemo,746.00,729.50,16.8045,0.18555
placebo_chemo,747.00,729.50,16.8306,0.18555
placebo_chemo,748.00,729.50,16.8568,0.18555
placebo_chemo,749.00,729.50,16.8829,0.18555
placebo_chemo,750.00,729.50,16.9091,0.18555
placebo_chemo,751.00,729.50,16.9352,0.18555
placebo_chemo,752.00,729.50,16.9614,0.18555
placebo_chemo,753.00,730.50,16.9875,0.18439
placebo_chemo,754.00,730.50,17.0137,0.18439
placebo_chemo,757.00,730.50,17.0922,0.18439
placebo_chemo,758.00,730.50,17.1183,0.18439
placebo_chemo,759.00,729.50,17.1445,0.18555
placebo_chemo,760.00,729.50,17.1706,0.18555
placebo_chemo,761.00,729.50,17.1968,0.18555
placebo_chemo,762.00,729.50,17.2229,0.18555
placebo_chemo,763.00,730.50,17.2491,0.18439
placebo_chemo,764.00,730.50,17.2752,0.18439
placebo_chemo,765.00,729.50,17.3014,0.18555
placebo_chemo,766.00,729.50,17.3275,0.18555
placebo_chemo,767.00,730.50,17.3537,0.18439
placebo_chemo,768.00,730.50,17.3798,0.18439
placebo_chemo,769.00,736.50,17.4060,0.17746
placebo_chemo,770.00,736.50,17.4321,0.17746
placebo_chemo,771.00,737.50,17.4583,0.17630
placebo_chemo,772.00,737.50,17.4844,0.17630
placebo_chemo,773.00,737.50,17.5106,0.17630
placebo_chemo,774.00,737.50,17.5367,0.17630
placebo_chemo,775.00,737.50,17.5629,0.17630
placebo_chemo,776.00,737.50,17.5890,0.17630
placebo_chemo,777.00,743.50,17.6152,0.16936
placebo_chemo,778.00,743.50,17.6413,0.16936
placebo_chemo,779.00,744.50,17.6675,0.16821
placebo_chemo,780.00,744.50,17.6936,0.16821
placebo_chemo,781.00,744.50,17.7198,0.16821
placebo_chemo,782.00,744.50,17.7460,0.16821
placebo_chemo,783.00,743.50,17.7721,0.16936
placebo_chemo,784.00,743.50,17.7983,0.16936
placebo_chemo,785.00,744.50,17.8244,0.16821
placebo_chemo,786.00,744.50,17.8506,0.16821
placebo_chemo,787.00,744.50,17.8767,0.16821
placebo_chemo,788.00,744.50,17.9029,0.16821
placebo_chemo,789.00,744.50,17.9290,0.16821
placebo_chemo,790.00,744.50,17.9552,0.16821
placebo_chemo,791.00,744.50,17.9813,0.16821
placebo_chemo,792.00,744.50,18.0075,0.16821
placebo_chemo,793.00,743.50,18.0336,0.16936
placebo_chemo,794.00,743.50,18.0598,0.16936
placebo_chemo,795.00,743.50,18.0859,0.16936
placebo_chemo,796.00,743.50,18.1121,0.16936
placebo_chemo,797.00,743.50,18.1382,0.16936
placebo_chemo,798.00,743.50,18.1644,0.16936
placebo_chemo,799.00,743.50,18.1905,0.16936
placebo_chemo,800.00,743.50,18.2167,0.16936
placebo_chemo,801.00,743.50,18.2428,0.16936
placebo_chemo,802.00,743.50,18.2690,0.16936
placebo_chemo,807.00,743.50,18.3998,0.16936
placebo_chemo,808.00,743.50,18.4259,0.16936
placebo_chemo,809.00,743.50,18.4521,0.16936
placebo_chemo,810.00,743.50,18.4782,0.16936
placebo_chemo,811.00,743.50,18.5044,0.16936
placebo_chemo,812.00,743.50,18.5305,0.16936
placebo_chemo,813.00,743.50,18.5567,0.16936
placebo_chemo,814.00,743.50,18.5828,0.16936
placebo_chemo,815.00,743.50,18.6090,0.16936
placebo_chemo,816.00,743.50,18.6351,0.16936
placebo_chemo,817.00,744.50,18.6613,0.16821
placebo_chemo,818.00,744.50,18.6874,0.16821
placebo_chemo,819.00,744.50,18.7136,0.16821
placebo_chemo,820.00,744.50,18.7397,0.16821
placebo_chemo,821.00,744.50,18.7659,0.16821
placebo_chemo,822.00,744.50,18.7920,0.16821
placebo_chemo,823.00,743.50,18.8182,0.16936
placebo_chemo,824.00,743.50,18.8443,0.16936
placebo_chemo,825.00,744.50,18.8705,0.16821
placebo_chemo,826.00,744.50,18.8966,0.16821
placebo_chemo,827.00,744.50,18.9228,0.16821
placebo_chemo,828.00,744.50,18.9489,0.16821
placebo_chemo,829.00,744.50,18.9751,0.16821
placebo_chemo,830.00,744.50,19.0012,0.16821
placebo_chemo,831.00,750.50,19.0274,0.16127
placebo_chemo,832.00,750.50,19.0535,0.16127
placebo_chemo,833.00,751.00,19.0797,0.16069
placebo_chemo,834.00,751.00,19.1059,0.16069
placebo_chemo,835.00,751.00,19.1320,0.16069
placebo_chemo,836.00,751.00,19.1582,0.16069
placebo_chemo,837.00,756.50,19.1843,0.15434
placebo_chemo,838.00,756.50,19.2105,0.15434
placebo_chemo,839.00,763.50,19.2366,0.14624
placebo_chemo,840.00,763.50,19.2628,0.14624
placebo_chemo,841.00,758.50,19.2889,0.15202
placebo_chemo,842.00,758.50,19.3151,0.15202
placebo_chemo,843.00,764.50,19.3412,0.14509
placebo_chemo,844.00,764.50,19.3674,0.14509
placebo_chemo,845.00,771.50,19.3935,0.13699
placebo_chemo,846.00,771.50,19.4197,0.13699
placebo_chemo,847.00,773.50,19.4458,0.13468
placebo_chemo,848.00,773.50,19.4720,0.13468
placebo_chemo,849.00,773.50,19.4981,0.13468
placebo_chemo,850.00,773.50,19.5243,0.13468
placebo_chemo,851.00,773.50,19.5504,0.13468
placebo_chemo,852.00,773.50,19.5766,0.13468
placebo_chemo,853.00,775.50,19.6027,0.13237
placebo_chemo,854.00,775.50,19.6289,0.13237
placebo_chemo,857.00,773.50,19.7073,0.13468
placebo_chemo,858.00,773.50,19.7335,0.13468
placebo_chemo,859.00,773.50,19.7596,0.13468
placebo_chemo,860.00,773.50,19.7858,0.13468
placebo_chemo,861.00,773.50,19.8120,0.13468
placebo_chemo,862.00,773.50,19.8381,0.13468
placebo_chemo,863.00,773.50,19.8643,0.13468
placebo_chemo,864.00,773.50,19.8904,0.13468
placebo_chemo,865.00,772.50,19.9166,0.13584
placebo_chemo,866.00,772.50,19.9427,0.13584
placebo_chemo,867.00,772.50,19.9689,0.13584
placebo_chemo,868.00,772.50,19.9950,0.13584
placebo_chemo,869.00,772.50,20.0212,0.13584
placebo_chemo,870.00,772.50,20.0473,0.13584
placebo_chemo,871.00,772.50,20.0735,0.13584
placebo_chemo,872.00,772.50,20.0996,0.13584
placebo_chemo,873.00,772.50,20.1258,0.13584
placebo_chemo,874.00,772.50,20.1519,0.13584
placebo_chemo,875.00,772.50,20.1781,0.13584
placebo_chemo,876.00,772.50,20.2042,0.13584
placebo_chemo,877.00,773.50,20.2304,0.13468
placebo_chemo,878.00,773.50,20.2565,0.13468
placebo_chemo,879.00,773.50,20.2827,0.13468
placebo_chemo,880.00,773.50,20.3088,0.13468
placebo_chemo,881.00,773.50,20.3350,0.13468
placebo_chemo,882.00,773.50,20.3611,0.13468
placebo_chemo,883.00,773.50,20.3873,0.13468
placebo_chemo,884.00,773.50,20.4134,0.13468
placebo_chemo,885.00,772.50,20.4396,0.13584
placebo_chemo,886.00,772.50,20.4657,0.13584
placebo_chemo,889.00,772.50,20.5442,0.13584
placebo_chemo,890.00,772.50,20.5704,0.13584
placebo_chemo,891.00,773.50,20.5965,0.13468
placebo_chemo,892.00,773.50,20.6227,0.13468
placebo_chemo,893.00,773.50,20.6488,0.13468
placebo_chemo,894.00,773.50,20.6750,0.13468
placebo_chemo,895.00,773.50,20.7011,0.13468
placebo_chemo,896.00,773.50,20.7273,0.13468
placebo_chemo,897.00,772.50,20.7534,0.13584
placebo_chemo,898.00,772.50,20.7796,0.13584
placebo_chemo,899.00,772.50,20.8057,0.13584
placebo_chemo,900.00,772.50,20.8319,0.13584
placebo_chemo,901.00,772.50,20.8580,0.13584
placebo_chemo,902.00,772.50,20.8842,0.13584
placebo_chemo,903.00,772.50,20.9103,0.13584
placebo_chemo,904.00,772.50,20.9365,0.13584
placebo_chemo,905.00,772.50,20.9626,0.13584
placebo_chemo,906.00,772.50,20.9888,0.13584
placebo_chemo,907.00,772.50,21.0149,0.13584
placebo_chemo,908.00,772.50,21.0411,0.13584
placebo_chemo,909.00,784.50,21.0672,0.12197
placebo_chemo,910.00,784.50,21.0934,0.12197
placebo_chemo,911.00,784.50,21.1195,0.12197
placebo_chemo,912.00,784.50,21.1457,0.12197
placebo_chemo,913.00,784.50,21.1719,0.12197
placebo_chemo,914.00,784.50,21.1980,0.12197
placebo_chemo,915.00,784.50,21.2242,0.12197
placebo_chemo,916.00,784.50,21.2503,0.12197
placebo_chemo,917.00,796.50,21.2765,0.10809
placebo_chemo,918.00,796.50,21.3026,0.10809
placebo_chemo,919.00,796.50,21.3288,0.10809
placebo_chemo,920.00,796.50,21.3549,0.10809
placebo_chemo,921.00,796.50,21.3811,0.10809
placebo_chemo,922.00,796.50,21.4072,0.10809
placebo_chemo,923.00,796.50,21.4334,0.10809
placebo_chemo,924.00,796.50,21.4595,0.10809
placebo_chemo,925.00,796.50,21.4857,0.10809
placebo_chemo,926.00,796.50,21.5118,0.10809
placebo_chemo,927.00,796.50,21.5380,0.10809
placebo_chemo,928.00,796.50,21.5641,0.10809
placebo_chemo,929.00,796.50,21.5903,0.10809
placebo_chemo,930.00,796.50,21.6164,0.10809
placebo_chemo,931.00,796.50,21.6426,0.10809
placebo_chemo,932.00,796.50,21.6687,0.10809
placebo_chemo,933.00,796.50,21.6949,0.10809
placebo_chemo,934.00,796.50,21.7210,0.10809
placebo_chemo,935.00,796.50,21.7472,0.10809
placebo_chemo,936.00,796.50,21.7733,0.10809
placebo_chemo,937.00,796.50,21.7995,0.10809
placebo_chemo,938.00,796.50,21.8256,0.10809
placebo_chemo,939.00,796.50,21.8518,0.10809
placebo_chemo,940.00,796.50,21.8780,0.10809
placebo_chemo,941.00,796.50,21.9041,0.10809
placebo_chemo,942.00,796.50,21.9303,0.10809
placebo_chemo,943.00,796.50,21.9564,0.10809
placebo_chemo,944.00,796.50,21.9826,0.10809
placebo_chemo,945.00,795.50,22.0087,0.10925
placebo_chemo,946.00,795.50,22.0349,0.10925
placebo_chemo,947.00,795.50,22.0610,0.10925
placebo_chemo,948.00,795.50,22.0872,0.10925
placebo_chemo,949.00,795.50,22.1133,0.10925
placebo_chemo,950.00,795.50,22.1395,0.10925
placebo_chemo,951.00,796.50,22.1656,0.10809
placebo_chemo,952.00,796.50,22.1918,0.10809
placebo_chemo,955.00,796.50,22.2702,0.10809
placebo_chemo,956.00,796.50,22.2964,0.10809
placebo_chemo,957.00,795.50,22.3225,0.10925
placebo_chemo,958.00,795.50,22.3487,0.10925
placebo_chemo,959.00,795.50,22.3748,0.10925
placebo_chemo,960.00,795.50,22.4010,0.10925
placebo_chemo,961.00,795.50,22.4271,0.10925
placebo_chemo,962.00,795.50,22.4533,0.10925
placebo_chemo,963.00,796.50,22.4794,0.10809
placebo_chemo,964.00,796.50,22.5056,0.10809
placebo_chemo,965.00,796.50,22.5317,0.10809
placebo_chemo,966.00,796.50,22.5579,0.10809
placebo_chemo,967.00,796.50,22.5841,0.10809
placebo_chemo,968.00,796.50,22.6102,0.10809
placebo_chemo,969.00,796.50,22.6364,0.10809
placebo_chemo,970.00,796.50,22.6625,0.10809
placebo_chemo,971.00,796.50,22.6887,0.10809
placebo_chemo,972.00,796.50,22.7148,0.10809
placebo_chemo,973.00,796.50,22.7410,0.10809
placebo_chemo,974.00,796.50,22.7671,0.10809
placebo_chemo,975.00,796.50,22.7933,0.10809
placebo_chemo,976.00,796.50,22.8194,0.10809
placebo_chemo,977.00,796.50,22.8456,0.10809
placebo_chemo,978.00,796.50,22.8717,0.10809
placebo_chemo,979.00,796.50,22.8979,0.10809
placebo_chemo,980.00,796.50,22.9240,0.10809
placebo_chemo,981.00,796.50,22.9502,0.10809
placebo_chemo,982.00,796.50,22.9763,0.10809
placebo_chemo,983.00,796.50,23.0025,0.10809
placebo_chemo,984.00,796.50,23.0286,0.10809
placebo_chemo,985.00,796.50,23.0548,0.10809
placebo_chemo,986.00,796.50,23.0809,0.10809
placebo_chemo,987.00,796.50,23.1071,0.10809
placebo_chemo,988.00,796.50,23.1332,0.10809
placebo_chemo,989.00,796.50,23.1594,0.10809
placebo_chemo,990.00,796.50,23.1855,0.10809
placebo_chemo,991.00,796.50,23.2117,0.10809
placebo_chemo,992.00,796.50,23.2378,0.10809
placebo_chemo,993.00,796.50,23.2640,0.10809
placebo_chemo,994.00,796.50,23.2902,0.10809
placebo_chemo,995.00,796.50,23.3163,0.10809
placebo_chemo,996.00,796.50,23.3425,0.10809
placebo_chemo,997.00,796.50,23.3686,0.10809
placebo_chemo,998.00,796.50,23.3948,0.10809
placebo_chemo,999.00,796.50,23.4209,0.10809
placebo_chemo,1000.00,796.50,23.4471,0.10809
placebo_chemo,1001.00,796.50,23.4732,0.10809
placebo_chemo,1002.00,796.50,23.4994,0.10809
placebo_chemo,1003.00,796.50,23.5255,0.10809
placebo_chemo,1004.00,796.50,23.5517,0.10809
placebo_chemo,1005.00,796.50,23.5778,0.10809
placebo_chemo,1006.00,796.50,23.6040,0.10809
placebo_chemo,1007.00,796.50,23.6301,0.10809
placebo_chemo,1008.00,796.50,23.6563,0.10809
placebo_chemo,1009.00,796.50,23.6824,0.10809
placebo_chemo,1010.00,796.50,23.7086,0.10809
placebo_chemo,1011.00,796.50,23.7347,0.10809
placebo_chemo,1012.00,796.50,23.7609,0.10809
placebo_chemo,1013.00,796.50,23.7870,0.10809
placebo_chemo,1014.00,796.50,23.8132,0.10809
placebo_chemo,1015.00,796.50,23.8393,0.10809
placebo_chemo,1016.00,796.50,23.8655,0.10809
placebo_chemo,1017.00,796.50,23.8916,0.10809
placebo_chemo,1018.00,796.50,23.9178,0.10809
placebo_chemo,1019.00,796.50,23.9440,0.10809
placebo_chemo,1020.00,796.50,23.9701,0.10809
placebo_chemo,1021.00,796.50,23.9963,0.10809
placebo_chemo,1022.00,796.50,24.0224,0.10809
placebo_chemo,1023.00,796.50,24.0486,0.10809
placebo_chemo,1024.00,796.50,24.0747,0.10809
placebo_chemo,1025.00,796.50,24.1009,0.10809
placebo_chemo,1026.00,796.50,24.1270,0.10809
placebo_chemo,1027.00,796.50,24.1532,0.10809
placebo_chemo,1028.00,796.50,24.1793,0.10809
placebo_chemo,1029.00,796.50,24.2055,0.10809
placebo_chemo,1030.00,796.50,24.2316,0.10809
placebo_chemo,1031.00,796.50,24.2578,0.10809
placebo_chemo,1032.00,796.50,24.2839,0.10809
placebo_chemo,1033.00,796.50,24.3101,0.10809
placebo_chemo,1034.00,796.50,24.3362,0.10809
placebo_chemo,1035.00,796.50,24.3624,0.10809
placebo_chemo,1036.00,796.50,24.3885,0.10809
placebo_chemo,1037.00,796.50,24.4147,0.10809
placebo_chemo,1038.00,796.50,24.4408,0.10809
placebo_chemo,1039.00,796.50,24.4670,0.10809
placebo_chemo,1040.00,796.50,24.4931,0.10809
placebo_chemo,1041.00,796.50,24.5193,0.10809
placebo_chemo,1042.00,796.50,24.5454,0.10809
placebo_chemo,1043.00,796.50,24.5716,0.10809
placebo_chemo,1044.00,796.50,24.5977,0.10809
placebo_chemo,1045.00,796.50,24.6239,0.10809
placebo_chemo,1046.00,796.50,24.6501,0.10809
placebo_chemo,1047.00,796.50,24.6762,0.10809
placebo_chemo,1048.00,796.50,24.7024,0.10809
placebo_chemo,1049.00,796.50,24.7285,0.10809
placebo_chemo,1050.00,796.50,24.7547,0.10809
placebo_chemo,1051.00,796.50,24.7808,0.10809
placebo_chemo,1052.00,796.50,24.8070,0.10809
placebo_chemo,1053.00,796.50,24.8331,0.10809
placebo_chemo,1054.00,796.50,24.8593,0.10809
placebo_chemo,1055.00,796.50,24.8854,0.10809
placebo_chemo,1056.00,796.50,24.9116,0.10809
placebo_chemo,1057.00,796.50,24.9377,0.10809
placebo_chemo,1058.00,796.50,24.9639,0.10809
placebo_chemo,1059.00,796.50,24.9900,0.10809
placebo_chemo,1060.00,796.50,25.0162,0.10809
placebo_chemo,1061.00,796.50,25.0423,0.10809
placebo_chemo,1062.00,796.50,25.0685,0.10809
placebo_chemo,1063.00,796.50,25.0946,0.10809
placebo_chemo,1064.00,796.50,25.1208,0.10809
placebo_chemo,1065.00,796.50,25.1469,0.10809
placebo_chemo,1066.00,796.50,25.1731,0.10809
placebo_chemo,1067.00,796.50,25.1992,0.10809
placebo_chemo,1068.00,796.50,25.2254,0.10809
placebo_chemo,1069.00,796.50,25.2515,0.10809
placebo_chemo,1070.00,796.50,25.2777,0.10809
placebo_chemo,1071.00,796.50,25.3038,0.10809
placebo_chemo,1072.00,796.50,25.3300,0.10809
placebo_chemo,1073.00,796.50,25.3562,0.10809
placebo_chemo,1074.00,796.50,25.3823,0.10809
placebo_chemo,1075.00,796.50,25.4085,0.10809
placebo_chemo,1076.00,796.50,25.4346,0.10809
placebo_chemo,1077.00,796.50,25.4608,0.10809
placebo_chemo,1078.00,796.50,25.4869,0.10809
placebo_chemo,1079.00,796.50,25.5131,0.10809
placebo_chemo,1080.00,796.50,25.5392,0.10809
placebo_chemo,1081.00,796.50,25.5654,0.10809
placebo_chemo,1082.00,796.50,25.5915,0.10809
placebo_chemo,1083.00,796.50,25.6177,0.10809
placebo_chemo,1084.00,796.50,25.6438,0.10809
placebo_chemo,1085.00,796.50,25.6700,0.10809
placebo_chemo,1086.00,796.50,25.6961,0.10809
placebo_chemo,1087.00,796.50,25.7223,0.10809
placebo_chemo,1088.00,796.50,25.7484,0.10809
placebo_chemo,1089.00,796.50,25.7746,0.10809
placebo_chemo,1090.00,796.50,25.8007,0.10809
placebo_chemo,1091.00,796.50,25.8269,0.10809
placebo_chemo,1092.00,796.50,25.8530,0.10809
placebo_chemo,1093.00,796.50,25.8792,0.10809
placebo_chemo,1094.00,796.50,25.9053,0.10809
placebo_chemo,1095.00,796.50,25.9315,0.10809
placebo_chemo,1096.00,796.50,25.9576,0.10809
placebo_chemo,1097.00,796.50,25.9838,0.10809
placebo_chemo,1098.00,796.50,26.0100,0.10809
placebo_chemo,1099.00,796.50,26.0361,0.10809
placebo_chemo,1100.00,796.50,26.0623,0.10809
placebo_chemo,1101.00,796.50,26.0884,0.10809
placebo_chemo,1102.00,796.50,26.1146,0.10809
placebo_chemo,1103.00,796.50,26.1407,0.10809
placebo_chemo,1104.00,796.50,26.1669,0.10809
placebo_chemo,1105.00,796.50,26.1930,0.10809
placebo_chemo,1106.00,796.50,26.2192,0.10809
placebo_chemo,1107.00,796.50,26.2453,0.10809
placebo_chemo,1108.00,796.50,26.2715,0.10809
placebo_chemo,1109.00,796.50,26.2976,0.10809
placebo_chemo,1110.00,796.50,26.3238,0.10809
placebo_chemo,1111.00,796.50,26.3499,0.10809
placebo_chemo,1112.00,796.50,26.3761,0.10809
placebo_chemo,1113.00,796.50,26.4022,0.10809
placebo_chemo,1114.00,796.50,26.4284,0.10809
placebo_chemo,1115.00,796.50,26.4545,0.10809
placebo_chemo,1116.00,796.50,26.4807,0.10809
placebo_chemo,1117.00,796.50,26.5068,0.10809
placebo_chemo,1118.00,796.50,26.5330,0.10809
placebo_chemo,1119.00,796.50,26.5591,0.10809
placebo_chemo,1120.00,796.50,26.5853,0.10809
placebo_chemo,1121.00,796.50,26.6114,0.10809
placebo_chemo,1122.00,796.50,26.6376,0.10809
placebo_chemo,1123.00,796.50,26.6637,0.10809
placebo_chemo,1124.00,796.50,26.6899,0.10809
placebo_chemo,1125.00,796.50,26.7161,0.10809
placebo_chemo,1126.00,796.50,26.7422,0.10809
placebo_chemo,1127.00,796.50,26.7684,0.10809
placebo_chemo,1128.00,796.50,26.7945,0.10809
placebo_chemo,1129.00,796.50,26.8207,0.10809
placebo_chemo,1130.00,796.50,26.8468,0.10809
placebo_chemo,1131.00,796.50,26.8730,0.10809
placebo_chemo,1132.00,796.50,26.8991,0.10809
placebo_chemo,1133.00,796.50,26.9253,0.10809
placebo_chemo,1134.00,796.50,26.9514,0.10809
placebo_chemo,1135.00,796.50,26.9776,0.10809
placebo_chemo,1136.00,796.50,27.0037,0.10809
placebo_chemo,1137.00,796.50,27.0299,0.10809
placebo_chemo,1138.00,796.50,27.0560,0.10809
placebo_chemo,1139.00,796.50,27.0822,0.10809
placebo_chemo,1140.00,796.50,27.1083,0.10809
placebo_chemo,1141.00,796.50,27.1345,0.10809
placebo_chemo,1142.00,796.50,27.1606,0.10809
placebo_chemo,1143.00,796.50,27.1868,0.10809
placebo_chemo,1144.00,796.50,27.2129,0.10809
placebo_chemo,1145.00,796.50,27.2391,0.10809
placebo_chemo,1146.00,796.50,27.2652,0.10809
placebo_chemo,1147.00,796.50,27.2914,0.10809
placebo_chemo,1148.00,796.50,27.3175,0.10809
placebo_chemo,1149.00,796.50,27.3437,0.10809
placebo_chemo,1150.00,796.50,27.3698,0.10809
placebo_chemo,1151.00,796.50,27.3960,0.10809
placebo_chemo,1152.00,796.50,27.4222,0.10809
placebo_chemo,1153.00,796.50,27.4483,0.10809
placebo_chemo,1154.00,796.50,27.4745,0.10809
placebo_chemo,1155.00,796.50,27.5006,0.10809
placebo_chemo,1156.00,796.50,27.5268,0.10809
placebo_chemo,1157.00,796.50,27.5529,0.10809
placebo_chemo,1158.00,796.50,27.5791,0.10809
placebo_chemo,1159.00,796.50,27.6052,0.10809
placebo_chemo,1160.00,796.50,27.6314,0.10809
placebo_chemo,1161.00,796.50,27.6575,0.10809
placebo_chemo,1162.00,796.50,27.6837,0.10809
placebo_chemo,1163.00,795.50,27.7098,0.10925
placebo_chemo,1164.00,795.50,27.7360,0.10925
placebo_chemo,1165.00,795.50,27.7621,0.10925
placebo_chemo,1166.00,795.50,27.7883,0.10925
placebo_chemo,1167.00,795.50,27.8144,0.10925
placebo_chemo,1168.00,795.50,27.8406,0.10925
placebo_chemo,1169.00,795.50,27.8667,0.10925
placebo_chemo,1170.00,795.50,27.8929,0.10925
placebo_chemo,1173.00,796.50,27.9713,0.10809
placebo_chemo,1174.00,796.50,27.9975,0.10809
placebo_chemo,1175.00,795.50,28.0236,0.10925
placebo_chemo,1176.00,795.50,28.0498,0.10925
placebo_chemo,1177.00,795.50,28.0759,0.10925
placebo_chemo,1178.00,795.50,28.1021,0.10925
placebo_chemo,1179.00,795.50,28.1283,0.10925
placebo_chemo,1180.00,795.50,28.1544,0.10925
placebo_chemo,1181.00,796.50,28.1806,0.10809
placebo_chemo,1182.00,796.50,28.2067,0.10809
placebo_chemo,1183.00,796.50,28.2329,0.10809
placebo_chemo,1184.00,796.50,28.2590,0.10809
placebo_chemo,1185.00,796.50,28.2852,0.10809
placebo_chemo,1186.00,796.50,28.3113,0.10809
placebo_chemo,1187.00,796.50,28.3375,0.10809
placebo_chemo,1188.00,796.50,28.3636,0.10809
placebo_chemo,1189.00,796.50,28.3898,0.10809
placebo_chemo,1190.00,796.50,28.4159,0.10809
placebo_chemo,1191.00,796.50,28.4421,0.10809
placebo_chemo,1192.00,796.50,28.4682,0.10809
placebo_chemo,1193.00,796.50,28.4944,0.10809
placebo_chemo,1194.00,796.50,28.5205,0.10809
placebo_chemo,1195.00,796.50,28.5467,0.10809
placebo_chemo,1196.00,796.50,28.5728,0.10809
placebo_chemo,1197.00,796.50,28.5990,0.10809
placebo_chemo,1198.00,796.50,28.6251,0.10809
placebo_chemo,1199.00,796.50,28.6513,0.10809
placebo_chemo,1200.00,796.50,28.6774,0.10809
placebo_chemo,1201.00,796.50,28.7036,0.10809
placebo_chemo,1202.00,796.50,28.7297,0.10809
placebo_chemo,1203.00,796.50,28.7559,0.10809
placebo_chemo,1204.00,796.50,28.7821,0.10809
placebo_chemo,1205.00,796.50,28.8082,0.10809
placebo_chemo,1206.00,796.50,28.8344,0.10809
placebo_chemo,1207.00,796.50,28.8605,0.10809
placebo_chemo,1208.00,796.50,28.8867,0.10809
placebo_chemo,1209.00,796.50,28.9128,0.10809
placebo_chemo,1210.00,796.50,28.9390,0.10809
placebo_chemo,1211.00,796.50,28.9651,0.10809
placebo_chemo,1212.00,796.50,28.9913,0.10809
placebo_chemo,1213.00,796.50,29.0174,0.10809
placebo_chemo,1214.00,796.50,29.0436,0.10809
placebo_chemo,1215.00,796.50,29.0697,0.10809
placebo_chemo,1216.00,796.50,29.0959,0.10809
placebo_chemo,1217.00,796.50,29.1220,0.10809
placebo_chemo,1218.00,796.50,29.1482,0.10809
placebo_chemo,1219.00,796.50,29.1743,0.10809
placebo_chemo,1220.00,796.50,29.2005,0.10809
placebo_chemo,1221.00,796.50,29.2266,0.10809
placebo_chemo,1222.00,796.50,29.2528,0.10809
placebo_chemo,1223.00,796.50,29.2789,0.10809
placebo_chemo,1224.00,796.50,29.3051,0.10809
placebo_chemo,1225.00,796.50,29.3312,0.10809
placebo_chemo,1226.00,796.50,29.3574,0.10809
placebo_chemo,1227.00,796.50,29.3835,0.10809
placebo_chemo,1228.00,796.50,29.4097,0.10809
placebo_chemo,1229.00,796.50,29.4358,0.10809
placebo_chemo,1230.00,796.50,29.4620,0.10809
placebo_chemo,1231.00,796.50,29.4882,0.10809
placebo_chemo,1232.00,796.50,29.5143,0.10809
placebo_chemo,1233.00,796.50,29.5405,0.10809
placebo_chemo,1234.00,796.50,29.5666,0.10809
placebo_chemo,1235.00,796.50,29.5928,0.10809
placebo_chemo,1236.00,796.50,29.6189,0.10809
placebo_chemo,1237.00,796.50,29.6451,0.10809
placebo_chemo,1238.00,796.50,29.6712,0.10809
placebo_chemo,1239.00,796.50,29.6974,0.10809
placebo_chemo,1240.00,796.50,29.7235,0.10809
placebo_chemo,1241.00,796.50,29.7497,0.10809
placebo_chemo,1242.00,796.50,29.7758,0.10809
placebo_chemo,1243.00,796.50,29.8020,0.10809
placebo_chemo,1244.00,796.50,29.8281,0.10809
placebo_chemo,1245.00,796.50,29.8543,0.10809
placebo_chemo,1246.00,796.50,29.8804,0.10809
placebo_chemo,1247.00,796.50,29.9066,0.10809
placebo_chemo,1248.00,796.50,29.9327,0.10809
placebo_chemo,1249.00,796.50,29.9589,0.10809
placebo_chemo,1250.00,796.50,29.9850,0.10809
placebo_chemo,1251.00,796.50,30.0112,0.10809
placebo_chemo,1252.00,796.50,30.0373,0.10809
placebo_chemo,1253.00,796.50,30.0635,0.10809
placebo_chemo,1254.00,796.50,30.0896,0.10809
placebo_chemo,1255.00,796.50,30.1158,0.10809
placebo_chemo,1256.00,796.50,30.1419,0.10809
placebo_chemo,1257.00,796.50,30.1681,0.10809
placebo_chemo,1258.00,796.50,30.1943,0.10809
placebo_chemo,1259.00,796.50,30.2204,0.10809
placebo_chemo,1260.00,796.50,30.2466,0.10809
placebo_chemo,1261.00,796.50,30.2727,0.10809
placebo_chemo,1262.00,796.50,30.2989,0.10809
placebo_chemo,1263.00,796.50,30.3250,0.10809
placebo_chemo,1264.00,796.50,30.3512,0.10809
placebo_chemo,1265.00,795.50,30.3773,0.10925
placebo_chemo,1266.00,795.50,30.4035,0.10925
placebo_chemo,1267.00,795.50,30.4296,0.10925
placebo_chemo,1268.00,795.50,30.4558,0.10925
placebo_chemo,1269.00,795.50,30.4819,0.10925
placebo_chemo,1270.00,795.50,30.5081,0.10925
placebo_chemo,1271.00,795.50,30.5342,0.10925
placebo_chemo,1272.00,795.50,30.5604,0.10925
placebo_chemo,1274.00,796.50,30.6127,0.10809
placebo_chemo,1275.00,796.00,30.6388,0.10867
placebo_chemo,1276.00,796.00,30.6650,0.10867
placebo_chemo,1277.00,796.50,30.6911,0.10809
placebo_chemo,1278.00,796.00,30.7173,0.10867
