"Month","SoC_PFS","SoC_OS","Trt_PFS","Trt_OS"
0,1,1,1,1
1,0.960789439152323,0.982161032358301,0.975309912028333,0.990049833749168
2,0.912200133459225,0.962151030140172,0.947821890946634,0.979507584416103
3,0.861149019104654,0.941509678186847,0.91969863058698,0.968802971785739
4,0.809675874996828,0.920621511027009,0.89148217568698,0.958035027524755
5,0.75885395914617,0.899680386466915,0.86344302254526,0.947252187910096
6,0.709331303028073,0.878804366764305,0.835742540006969,0.936483465521487
7,0.661519058209035,0.858072598404257,0.808485562144619,0.925748182856612
8,0.615679156310584,0.837541222564519,0.781743276959524,0.915060077158377
9,0.571972476590092,0.81725148834445,0.755565002885345,0.904429350892829
10,0.530488352439976,0.797234373231202,0.729984956235558,0.893863816963749
11,0.491264068947951,0.777513431519592,0.705026460547447,0.883369591565272
12,0.454298468125021,0.758106658769304,0.680704725661923,0.872951539457839
13,0.419561827890391,0.739027770938122,0.657028769834541,0.862613574021086
14,0.387003247807331,0.720287115820161,0.634002799454608,0.852358867327406
15,0.356556289581549,0.701892343032233,0.611627229825476,0.842190001930701
16,0.328143350778147,0.683848909500823,0.589899459453612,0.832109083483027
17,0.301679091795555,0.666160469335657,0.568814469696972,0.822117826192945
18,0.277073138501389,0.648829180253138,0.548365297331955,0.81221761894718
19,0.254232220230804,0.63185594835767,0.528543412490085,0.802409577343801
20,0.23306186108852,0.615240626459863,0.509339024700109,0.79269458525183
21,0.213467713773517,0.598982176742483,0.490741333338922,0.783073328445
22,0.195356604811922,0.583078805632421,0.472738734425623,0.773546322142158
23,0.178637345311381,0.567528076695536,0.455318992656876,0.764113933796359
24,0.163221350366239,0.552327005931092,0.438469385428446,0.754776402131647
25,0.149023101904547,0.537472142807897,0.422176824032423,0.745533853182094
26,0.135960483320155,0.522959639628661,0.406427956077164,0.7363863139107
27,0.12395500916547,0.508785311248986,0.391209252325154,0.727333723855624
28,0.112931969140151,0.494944686756491,0.376507080499866,0.718375945154312
29,0.102820502349673,0.481433054395282,0.362307768119479,0.709512771222949
30,0.0935536151468469,0.468245500774423,0.348597656033152,0.700743934312842
31,0.0850681536786563,0.455376945207237,0.335363144036191,0.692069112122337
32,0.0773047404432998,0.442822169877525,0.322590729703636,0.683487933609309
33,0.0702076826448612,0.430575846409288,0.310267041392629,0.674999984122971
34,0.0637248588594846,0.418632559320861,0.298378866211517,0.666604809952836
35,0.0578075894536836,0.406986826767359,0.286913173629914,0.658301922376002
36,0.0524104952880553,0.395633118912619,0.275857135302576,0.650090801270505
37,0.0474913484707629,0.384565874220647,0.265198141596487,0.641970898351613
38,0.0430109182725472,0.373779513914317,0.254923815241219,0.633941640079054
39,0.0389328147606579,0.363268454814145,0.245022022464768,0.626002430275901
40,0.035223332238072,0.353027120740737,0.235480881928448,0.618152652493811
41,0.0318512941743376,0.343049952640108,0.226288771733366,0.610391672154349
42,0.0287879009749901,0.33333141757041,0.217434334736122,0.602718838491948
43,0.0260065816490273,0.323866016671202,0.208906482381635,0.595133486320577
44,0.0234828501909985,0.314648292221462,0.20069439723548,0.587634937643245
45,0.0211941672895757,0.305672833879897,0.192787534376188,0.580222503120997
46,0.0191198078026417,0.296934284190146,0.185175621788946,0.572895483415926
47,0.0172407342953281,0.288427343424078,0.177848659885692,0.565653170420937
48,0.0155394768180867,0.28014677382823,0.170796920262262,0.558494848387457
49,0.0140000190033417,0.272087403331352,0.164010943790682,0.551419794960958
50,0.0126076904785783,0.264244128764848,0.157481538133759,0.544427282133008
51,0.0113490655283058,0.256611918642493,0.151199774759437,0.537516577117591
52,0.0102118678849585,0.249185815541068,0.145156985523888,0.530686943158573
53,0.0091848814875333,0.241960938119367,0.139344758884797,0.523937640274429
54,0.00825786701493851,0.234932482809349,0.133754935799606,0.51726792594573
55,0.00742148397718964,0.228095725209923,0.128379605357617,0.510677055750268
56,0.00666721813047389,0.221446021210977,0.123211100189541,0.50416428395024
57,0.00598731397063615,0.214978807872631,0.118241991693427,0.49772886403544
58,0.00537471205286728,0.208689604082434,0.113465085111706,0.491370049226035
59,0.00482299088249375,0.202574011011134,0.108873414490338,0.485087092938151
60,0.00432631312207548,0.196627712385783,0.1044602375477,0.478879249215177
61,0.00387937586291626,0.190846474597314,0.100099386406847,0.472607229882748
62,0.00347736471406423,0.18522614665819,0.0957989259777995,0.466275377250415
63,0.00311591146848792,0.179762660024381,0.0915664339252008,0.459888046632452
64,0.00279105511398335,0.174452028294731,0.0874089800567939,0.45344960067886
65,0.00249920596518101,0.16929034679961,0.0833331095184014,0.446964403760659
66,0.00223711270251165,0.164273792089808,0.0793448297977989,0.440436816418789
67,0.00200183211393027,0.159398621335658,0.0754496015065307,0.433871189885725
68,0.00179070134540264,0.154661171645581,0.0716523328766653,0.427271860688768
69,0.00160131247647119,0.150057859312473,0.0679573778790918,0.420643145343727
70,0.00143148924751086,0.145585178995663,0.0643685378414965,0.413989335147471
71,0.0012792657754563,0.141239702845543,0.0608890664179104,0.407314691077564
72,0.00114286710474684,0.137018079577395,0.0575216777379003,0.40062343880691
73,0.00102069144992983,0.132917033500399,0.0542685575422863,0.393919763841024
74,0.000911293995735617,0.128933363507339,0.0511313770938509,0.387207806785208
75,0.000813372129451119,0.125063942030062,0.048111309635968,0.38049165874859
76,0.000725751989046751,0.121305713965344,0.0452090491594889,0.373775356891596
77,0.00064737621873581,0.117655695575437,0.0424248312286052,0.367062880123059
78,0.000577292831455566,0.114110973367229,0.0397584556097475,0.360358144952787
79,0.000514645085151641,0.11066870295362,0.0372093104438264,0.353665001505005
80,0.000458662286722686,0.107326107900433,0.0347763977011873,0.346987229697665
81,0.000408651444046071,0.104080478561907,0.0324583596604161,0.340328535592226
82,0.000363989692665949,0.100929170907554,0.0302535061564492,0.333692547918035
83,0.000324117429493803,0.0978696053429448,0.0281598423501346,0.327082814775065
84,0.000288532091261558,0.0948992655267786,0.0261750967802586,0.320502800518269
85,0.000256782520493291,0.0920156971863693,0.0242967494698878,0.313955882826417
86,0.000228463866439264,0.0892165069335243,0.0225220598714404,0.307445349957804
87,0.000203212972761792,0.086499361082607,0.0208480944489604,0.300974398194811
88,0.00018070420779334,0.0838619844724232,0.0192717537113711,0.29454612947883
89,0.000160645696920067,0.0813021592934213,0.017789798526785,0.288163549236637
90,0.000142775920095841,0.0788177239215676,0.0163988755649992,0.281829564398866
91,0.000126860640679215,0.0764065717601277,0.0150955417328607,0.275546981610815
92,0.000112690134725272,0.0740666500904719,0.0138762874850109,0.269318505635356
93,0.000100076692571639,0.0717959589329154,0.0127375589103993,0.263146737947364
94,8.88523670485052e-05,0.0695925499185034,0.0116757785126605,0.257034175518602
95,7.88669449310068e-05,0.0674545251725596,0.0106873646198054,0.250983209791676
96,6.99861203529569e-05,0.0653800362107312,0.00976874937549292,0.244996125841222
97,6.20898508269038e-05,0.0633672828481844,0.0089163952802674,0.239075101720145
98,5.50708782797622e-05,0.0614145121225305,0.00812681026643648,0.233222207988368
99,4.88333991277108e-05,0.0595200172309948,0.00739656130459813,0.227439407421182
100,4.32918688900759e-05,0.0576821364822782,0.00672228655311015,0.221728554893964
101,3.83699281901744e-05,0.0558992522635015,0.00610070607395485,0.216091397439696
102,3.39994382215607e-05,0.0541697900225691,0.00552863114942626,0.210529574475446
103,3.01196148801789e-05,0.0524922172662401,0.00500297224382349,0.205044618193619
104,2.66762517852763e-05,0.0508650425741454,0.00452074566285129,0.199637954113585
105,2.36210233427235e-05,0.0492868146289497,0.00407907897070817,0.194310901788979
106,2.09108598511801e-05,0.0477561212628151,0.00367521523089923,0.189064675665752
107,1.85073874213421e-05,0.0462715885202893,0.00330651614167521,0.183900386085838
108,1.63764261778194e-05,0.0448318797377048,0.00297046414071416,0.178819040431073
109,1.44875408480416e-05,0.0434356946391452,0.00266466355628363,0.173821544401835
110,1.28136384185147e-05,0.0420817684490087,0.00238684088371263,0.168908703424719
111,1.13306080608914e-05,0.0407688710211675,0.00213484426663597,0.164081224183364
112,1.0016999003395e-05,0.0394958059847028,0.00190664226222903,0.15933971626648
113,8.85373245148673e-06,0.0382614099061688,0.00170032196860864,0.154684693926968
114,7.82384404929146e-06,0.037064551468321,0.00151408659082483,0.15011657794594
115,6.91225372385872e-06,0.0359041306652247,0.00134625251949208,0.145635697595385
116,6.10556007119611e-06,0.0347790780136428,0.00119524599319815,0.141242292693153
117,5.39185672924932e-06,0.0336883537805854,0.00105959941246672,0.136936515743893
118,4.76056844143575e-06,0.0326309472268913,0.000937947369321961,0.132718434159564
119,4.20230474754058e-06,0.0316058758666979,0.00082902245248831,0.128588032553113
120,3.70872944910953e-06,0.0306121847426429,0.00073165088403354,0.124545215098959
121,3.27244418606625e-06,0.0296489457166336,0.000645581381586261,0.120626291549574
122,2.88688463210321e-06,0.0287152567760077,0.000569518947705471,0.116827592079955
123,2.54622797022448e-06,0.0278102413549028,0.000502314868455277,0.113145550395019
124,2.24531044828059e-06,0.0269330476706419,0.000442950448922251,0.109576701029702
125,1.97955393890584e-06,0.0260828480749395,0.000390522525103652,0.106117676709354
126,1.74490054028802e-06,0.0252588384197228,0.000344230562075337,0.102765205769584
127,1.53775435488843e-06,0.0244602374373598,0.000303365168211631,0.0995161096347339
128,1.3549296736912e-06,0.0236862861350817,0.000267297873075499,0.0963673003540922
129,1.19360487479937e-06,0.0229362472033819,0.000235472032623836,0.0933157781949756
130,1.05128141811786e-06,0.0222094044381723,0.000207394739758826,0.0903586292917793
131,9.25747383295595e-07,0.0215050621764734,0.000182629631164544,0.087493023350091
132,8.15045056783665e-07,0.0208225447454137,0.000160790492945263,0.084716211404954
133,7.17442126479034e-07,0.0201611959243126,0.000141535577961159,0.082025523632358
134,6.31406089572281e-07,0.0195203784196175,0.000124562557058628,0.0794183672130302
135,5.55581521453873e-07,0.0188994733524686,0.000109604034724621,0.0768922242475992
136,4.88769891353789e-07,0.0182978797586611,9.64235671555494e-05,0.0744446497222
137,4.29911644242197e-07,0.017715014100777,8.48121274097355e-05,0.0720732695235874
138,3.78070298809193e-07,0.0171503097922566,7.45849682879904e-05,0.0697757785028303
139,3.32418338433979e-07,0.0166032167331831,6.55788389316391e-05,0.0675499385866567
140,2.92224696276939e-07,0.0160732008575519,5.76495159059905e-05,0.0653935769355264
141,2.56843657277943e-07,0.0155597436917992,5.06696138082906e-05,0.0633045841475114
142,2.25705019187062e-07,0.0150623419243649,4.45266442551291e-05,0.0612809125070674
143,1.98305372029715e-07,0.0145805069860659,3.91212955123963e-05,0.0593205742777921
144,1.74200370832224e-07,0.0141137646410599,3.43659080737121e-05,0.057421640038264
145,1.52997890199928e-07,0.0136616545881781,3.01831242089985e-05,0.0555822370600726
146,1.34351961622097e-07,0.0132237300724104,2.65046919278647e-05,0.0538005477271511
147,1.17957405332436e-07,0.0127995575063278,2.32704059635573e-05,0.0520748079955386
148,1.03545078321066e-07,0.0123887161012277,2.04271703100693e-05,0.0504033058927022
149,9.08776687994458e-08,0.0119907975077939,1.79281685624132e-05,0.0487843800555646
150,7.9745975176605e-08,0.0116054054660601,1.57321298403389e-05,0.0472164183063888
151,6.99656145144413e-08,0.0112321554644747,1.3802679438839e-05,0.0456978562656866
152,6.13741115823844e-08,0.010870674407862,1.21077645625529e-05,0.044227176001324
153,5.38283251085896e-08,0.0105206002940809,1.06191465816414e-05,0.0428029047130124
154,4.72021726987388e-08,0.0101815818991845,9.31195220822269e-06,0.0414236134513841
155,4.13846202295253e-08,0.00985327847088522,8.16427684785541e-06,0.0400879158708615
156,3.62779053801939e-08,0.00953535943013612,7.15683414131944e-06,0.0387944670155436
157,3.17959683941425e-08,0.0092275040806392,6.27264638833723e-06,0.0375419621373456
158,2.78630662101019e-08,0.00892940132609595,5.49677114608638e-06,0.0363291355456367
159,2.44125488103593e-08,0.00864074939501853,4.81605982957313e-06,0.0351547594876389
160,2.13857790390306e-08,0.00836125557292234,4.21894461549614e-06,0.0340176430588559
161,1.87311792796685e-08,0.00809063594172467,3.69525037267162e-06,0.0329166311428208
162,1.64033902781263e-08,0.00782861512617643,3.23602871625479e-06,0.0318506033794577
163,1.4362529079988e-08,0.00757492604715782,2.83341161508928e-06,0.0308184731613678
164,1.25735345455946e-08,0.00732930968167135,2.48048227619282e-06,0.0298191866573659
165,1.10055902307388e-08,0.00709151482936909,2.17116129179072e-06,0.0288517218625989
166,9.63161559620559e-09,0.00686129788545385,1.90010626613031e-06,0.0279150876745984
167,8.42781755118793e-09,0.00663842261979742,1.66262334484403e-06,0.027008322994626
168,7.37329525906158e-09,0.0064226599621218,1.45458925180643e-06,0.026130495853687
169,6.44969195231522e-09,0.00621378779309249,1.27238259986542e-06,0.0252807025625958
170,5.64088822836714e-09,0.00601159074117595,1.11282338484144e-06,0.0244580668854943
171,4.93273194005978e-09,0.00581585998511646,9.73119698853132e-07,0.0236617392362313
172,4.31280036312903e-09,0.0056263930618904,8.50820811181348e-07,0.022890895897028
173,3.77019082619876e-09,0.0054429936799991,7.43775864164417e-07,0.0221447382588621
174,3.29533643422838e-09,0.00526547153796422,6.50097519480698e-07,0.0214224920830195
175,2.87984391040148e-09,0.00509364214789266,5.68129967913877e-07,0.0207234067832704
176,2.51635093001102e-09,0.00492732666398066,4.96420784461166e-07,0.0200467547281411
177,2.19840062815064e-09,0.00476635171582984,4.33696171456372e-07,0.0193918305627626
178,1.92033123555576e-09,0.00461054924645043,3.78839186144715e-07,0.0187579505497893
179,1.67717903783562e-09,0.00445975635483007,3.3087059667013e-07,0.0181444519288924
180,1.46459306621814e-09,0.00431381514294876,2.88932052432452e-07,0.0175506922943427
181,1.27876011600876e-09,0.0041725725671239,2.52271291875787e-07,0.0169760489902099
182,1.11633885509173e-09,0.00403588029357128,2.20229143542666e-07,0.0164199185227146
183,9.74401931505897e-10,0.00390359455807108,1.92228105169939e-07,0.015881715989282
184,8.50385118648194e-10,0.00377557602963011,1.67762311154108e-07,0.0153608745238533
185,7.42042650983038e-10,0.00365168967803429,1.46388721267518e-07,0.014856844758025
186,6.47408004023962e-10,0.00353180464518762,1.27719383409931e-07,0.0143690942975937
187,5.64759461365406e-10,0.00341579412013661,1.11414640739975e-07,0.0138971072140944
188,4.92589890057064e-10,0.00330353521768118,9.71771690201796e-08,0.0134403835509313
189,4.2958021485383e-10,0.00319490886047581,8.47467436689367e-08,0.0129984388437078
190,3.74576142922745e-10,0.0030897996645266,7.3895648056264e-08,0.012570803654373
191,3.26567744402109e-10,0.00298809582799256,6.44246451964863e-08,0.0121570231188114
192,2.84671541634005e-10,0.00288968902320131,5.6159444347098e-08,0.0117566565075105
193,2.48114801679278e-10,0.00279447429179197,4.89476022668724e-08,0.0113692767989513
194,2.1622176353572e-10,0.0027023499428997,4.26558061484328e-08,0.0109944702653733
195,1.88401563901688e-10,0.00261321745429888,3.71674916365409e-08,0.0106318360705773
196,1.64137653876161e-10,0.00252698137642363,3.23807549754049e-08,0.0102809858794342
197,1.42978524119524e-10,0.00244354923918668,2.82065232865603e-08,0.00994154347877908
198,1.24529578121376e-10,0.00236283146151936,2.45669513430548e-08,0.00961314440937578
199,1.08446012688977e-10,0.00228474126355752,2.13940170461486e-08,0.00929543560864684
200,9.44265818977704e-11,0.00220919458140007,1.86282911896841e-08,0.00898807506386985
201,8.22081358117327e-11,0.00213610998436872,1.621786006953e-08,0.00869073147554992
202,7.15608385316376e-11,0.00206540859469926,1.41173821095052e-08,0.00840308393068482
203,6.2283981780135e-11,0.00199701400959651,1.22872619736406e-08,0.00812482158564674
204,5.42023204749644e-11,0.00193085222558683,1.06929276552375e-08,0.00785564335841172
205,4.71628657440548e-11,0.0018668515651039,9.3041978091656e-09,0.00759525762987472
206,4.10320787473088e-11,0.00180494260524477,8.09472815451943e-09,0.00734338195399501
207,3.56934156204528e-11,0.00174505810863539,7.0415271459478e-09,0.00709974277652334
208,3.10451799619015e-11,0.00168713295634583,6.12453231646737e-09,0.00686407516206869
209,2.69986446458117e-11,0.00163110408279737,5.32623975241935e-09,0.00663612252926869
210,2.34764094530047e-11,0.00157691041260502,4.6313800901137e-09,0.00641563639383434
211,2.04109651451122e-11,0.00152449279930045,4.02663523918809e-09,0.00620237611924514
212,1.77434382356423e-11,0.00147379396588188,3.50039075350163e-09,0.00599610867487725
213,1.54224938958533e-11,0.00142475844713879,3.04251939855365e-09,0.00579660840135252
214,1.34033772271993e-11,0.00137733253370091,2.64419201558904e-09,0.00560365678290245
215,1.164707558307e-11,0.00133146421776192,2.29771226607123e-09,0.00541704222654605
216,1.01195867722795e-11,0.00128710314043002,1.99637226429932e-09,0.00523655984788632
217,8.79127986193338e-12,0.00124420054065856,1.73432647784922e-09,0.00506201126333536
218,7.63633695018622e-12,0.0012027092057113,1.50648160159626e-09,0.00489320438858293
219,6.63226572834503e-12,0.00116258342311798,1.3084003969214e-09,0.00472995324312848
220,5.75947392171674e-12,0.00112377893407725,1.13621773823484e-09,0.00457207776070172
221,5.00089781145058e-12,0.00108625288826508,9.86567328492435e-10,0.00441940360540105
222,4.34167801464947e-12,0.00104996380000774,8.56517737730901e-10,0.00427176199338442
223,3.76887655413616e-12,0.00101487150578008,7.4351658714525e-10,0.00412898951995124
224,3.27122999732248e-12,0.000980937122990139,6.4534184880827e-10,0.00399092799185861
225,2.83893409869654e-12,0.000948123010013042,5.60059360362077e-10,0.00385742426471949
226,2.46345595397341e-12,0.000916392727437364,4.85985767156751e-10,0.00372833008533433
227,2.13737017601248e-12,0.000885711000488795,4.21656203356092e-10,0.0036035019388122
228,1.85421604201979e-12,0.000856043682596497,3.6579611021739e-10,0.00348280090034112
229,1.60837294607596e-12,0.000827357720068705,3.1729666561001e-10,0.00336609249147125
230,1.39495182746164e-12,0.000799621117845007,2.75193365208013e-10,0.00325324654077853
231,1.2097005395552e-12,0.00077280290629361,2.38647353851579e-10,0.0031441370487799
232,1.04892138148527e-12,0.000746873109022845,2.06929156352897e-10,0.00303864205697484
233,9.09399239820679e-13,0.000721802711676979,1.79404501429454e-10,0.00293664352089167
234,7.88338984394735e-13,0.000697563631687263,1.55521971274825e-10,0.00283802718702005
235,6.83310934415146e-13,0.000674128688949952,1.34802243219619e-10,0.00274268247351503
236,5.92203361395658e-13,0.000651471577403846,1.16828719602828e-10,0.00265050235456063
237,5.1318112686817e-13,0.000629566837480652,1.01239367900663e-10,0.0025613832482846
238,4.44649667666766e-13,0.000608389829402249,8.77196158139064e-11,0.00247522490811873
239,3.85223641895846e-13,0.000587916707299647,7.59961658058899e-11,0.00239193031750221
240,3.33699636323108e-13,0.000568124394129182,6.58316108704271e-11,0.00231140558782855
241,2.89032412467949e-13,0.000548990557362131,5.70197484066398e-11,0.00223355985953915
242,2.50314235481981e-13,0.000530493585424682,4.93815022609815e-11,0.00215830520626966
243,2.16756888261898e-13,0.000512612564865782,4.27613745066398e-11,0.00208555654195774
244,1.87676024164591e-13,0.000495327258231087,3.70243585778121e-11,0.00201523153082351
245,1.62477556145231e-13,0.000478618082621828,3.2053254145516e-11,0.00194725050013665
246,1.40645818929174e-13,0.000462466088918023,2.77463317740415e-11,0.00188153635568634
247,1.21733274673571e-13,0.000446852941646071,2.40153020740299e-11,0.00181801449987289
248,1.05351562100319e-13,0.000431760899471326,2.07835498929478e-11,0.00175661275234202
249,9.11637148356804e-14,0.00041717279629681,1.79845991643639e-11,0.00169726127308529
250,7.88773971520671e-14,0.000403072022949782,1.55607784683325e-11,0.00163989248793221
251,6.82390248922056e-14,0.000389442509438398,1.34620612188243e-11,0.00158444101636164
252,5.90286564307979e-14,0.000376268707761209,1.16450577626456e-11,0.0015308436015626
253,5.10555534132035e-14,0.000363535575252774,1.00721396106585e-11,0.00147903904267603
254,4.41543239836486e-14,0.000351228558449107,8.71067858139297e-12,0.00142896812915172
255,3.81815725208082e-14,0.0003393335774572,7.53238586744237e-12,0.00138057357715585
256,3.30129897491703e-14,0.000327837010813291,6.5127379783311e-12,0.00133379996796713
257,2.85408256763306e-14,0.000316725680815009,5.63047820653194e-12,0.00128859368830086
258,2.46716952815948e-14,0.000305986839312964,4.86718373801006e-12,0.00124490287250218
259,2.13246733916988e-14,0.000295608153947767,4.2068898130353e-12,0.00120267734655165
260,1.84296408487808e-14,0.000285577694818892,3.63576346143788e-12,0.00116186857382767
261,1.59258490119071e-14,0.000275883921572168,3.14182031028017e-12,0.00112242960257215
262,1.37606739306426e-14,0.00026651567089311,2.71467880965791e-12,0.00108431501500732
263,1.18885352695467e-14,0.000257462144393646,2.34534696024166e-12,0.00104748087805305
264,1.02699583177421e-14,0.00024871289688019,2.02603726836093e-12,0.0010118846955957
265,8.87076025035658e-15,0.000240257824991347,1.75000621325486e-12,0.000977485362260752
266,7.66134427319597e-15,0.000232087156193905,1.51141499731532e-12,0.000944243118643219
267,6.61608742599381e-15,0.00022419143812608,1.30520877311064e-12,0.000912119507950773
268,5.71280968443428e-15,0.000216561528277347,1.12701190887226e-12,0.000881077334016273
269,4.93231362297271e-15,0.000209188583994456,9.7303717407726e-13,0.000851080620637426
270,4.25798531075577e-15,0.000202064052803593,8.40007004976942e-13,0.00082209457220263
271,3.67544833909247e-15,0.00019517966303892,7.25085251813737e-13,0.000794085535563312
272,3.17226394484114e-15,0.000188527414768011,6.25818019750137e-13,0.000767020963114224
273,2.737671120566e-15,0.000182099571005015,5.40082398309245e-13,0.000740869377044327
274,2.36236140750712e-15,0.00017588864920263,4.66042032972854e-13,0.000715600334721995
275,2.03828376708441e-15,0.00016988741301424,4.02108630613803e-13,0.000691184395179418
276,1.75847553456122e-15,0.000164088864317843,3.46908610365736e-13,0.00066759308666204
277,1.5169159865939e-15,0.000158486235493622,2.99254215715982e-13,0.000644798875210019
278,1.30839951310179e-15,0.000153072981947305,2.58118494100404e-13,0.000622775134239577
279,1.12842578227431e-15,0.000147842774871628,2.22613628871058e-13,0.000601496115093162
280,9.7310463347331e-16,0.000142789494238519,1.91972176754178e-13,0.000580936918528232
281,8.39073733153178e-16,0.000137907222014793,1.65530823171327e-13,0.000561073467115415
282,7.23427289678198e-16,0.000133190235594388,1.42716319238149e-13,0.000541882478517667
283,6.23654349258854e-16,0.000128633001440386,1.23033308907491e-13,0.000523341439622919
284,5.37585391672119e-16,0.000124230168930254,1.06053793477672e-13,0.000505428581503545
285,4.63346114902322e-16,0.000119976564397956,9.14080143169208e-14,0.000488122855176769
286,3.99317445753574e-16,0.000115867185366765,7.87765638352955e-14,0.000471403908140954
287,3.44100941809229e-16,0.000111897194966803,6.78835600509883e-14,0.000455252061663451
288,2.96488861429217e-16,0.000108061916531515,5.84907420580028e-14,0.000439648288796436
289,2.55438275023725e-16,0.000104356828367465,5.03923627489149e-14,0.000424574193097887
290,2.20048674570198e-16,0.000100777558691994,4.34107716642286e-14,0.000410011988035544
291,1.89542610942661e-16,9.73198807334852e-05,3.73925951626156e-14,0.000395944477052391
292,1.63248951568319e-16,9.39797079890949e-05,3.22054335241917e-14,0.000382355034272821
293,1.40588405493678e-16,9.07530896350104e-05,2.77350053639022e-14,0.000369227585829329
294,1.21061010240122e-16,8.76362060844134e-05,2.38826790628918e-14,0.000356546591790156
295,1.04235315820449e-16,8.4625364688497e-05,2.05633390124635e-14,0.000344297028668942
296,8.97390368093733e-17,8.17169955760178e-05,1.77035414728515e-14,0.000332464372498006
297,7.72509741387355e-17,7.89076476270041e-05,1.52399209207963e-14,0.000321034582447434
298,6.64940349520793e-17,7.6193984576383e-05,1.31178130201239e-14,0.00030999408497275
299,5.72292019505051e-17,7.35727812434089e-05,1.12900649061027e-14,0.0002993297584744
300,4.92503236667424e-17,7.10409198829148e-05,9.71600742091386e-15,0.00028902891845287
301,4.2379614429136e-17,6.85953866545216e-05,8.36056735535743e-15,0.000279079303143721
302,3.64637677788909e-17,6.62332682060657e-05,7.19350071141609e-15,0.000269469059617314
303,3.1370600092405e-17,6.39517483676187e-05,6.18873056264096e-15,0.000260186730328477
304,2.69861524046076e-17,6.17481049525856e-05,5.32377530753441e-15,0.000251221240101823
305,2.32121881620118e-17,5.9619706662479e-05,4.57925503117151e-15,0.000242561883538869
306,1.99640330577446e-17,5.75640100920689e-05,3.93846535208459e-15,0.000234198312833532
307,1.71687103904368e-17,5.55785568317123e-05,3.38700956951575e-15,0.000226120525983004
308,1.47633316963372e-17,5.36609706637697e-05,2.91248117047172e-15,0.000218318855381412
309,1.26937078610944e-17,5.18089548501037e-05,2.50418983257544e-15,0.000210783956784044
310,1.09131506383712e-17,5.00202895077568e-05,2.15292499000503e-15,0.000203506798630339
311,9.38143858570556e-18,4.82928290699917e-05,1.85075183534508e-15,0.000196478651714164
312,8.06392495947319e-18,4.66244998299662e-05,1.5908353268517e-15,0.000189691079190292
313,6.93076816463992e-18,4.50132975644013e-05,1.36728837308632e-15,0.000183135926906333
314,5.95626799549889e-18,4.34572852346817e-05,1.17504088778807e-15,0.000176805314049694
315,5.1182931864477e-18,4.19545907629091e-05,1.00972685821189e-15,0.000170691624099489
316,4.39778776527008e-18,4.0503404880509e-05,8.67586959470525e-16,0.00016478749607362
317,3.77834540710675e-18,3.91019790470605e-05,7.45384583919286e-16,0.000159085816061578
318,3.24584246145957e-18,3.77486234370998e-05,6.40333445441993e-16,0.000153579709033773
319,2.78812159846246e-18,3.64417049927114e-05,5.50035169806699e-16,0.000148262530918537
320,2.39471912135255e-18,3.51796455397958e-05,4.72425499403925e-16,0.000143127860938184
321,2.0566299430184e-18,3.39609199659654e-05,4.05727928280276e-16,0.000138169494195811
322,1.7661050459717e-18,3.27840544580845e-05,3.48413745438222e-16,0.00013338143450475
323,1.5164769546287e-18,3.16476247975353e-05,2.9916760434951e-16,0.000128757887452887
324,1.30200936158114e-18,3.05502547113487e-05,2.56857857520318e-16,0.000124293253694261
325,1.1177675787123e-18,2.94906142773994e-05,2.20510999341093e-16,0.000119982122460628
326,9.59506940931164e-19,2.84674183819207e-05,1.89289650593725e-16,0.000115819265285875
327,8.23576684777802e-19,2.74794252276516e-05,1.62473595811031e-16,0.000111799629936447
328,7.06837164689917e-19,2.65254348909787e-05,1.39443451863901e-16,0.000107918334541096
329,6.06588563657057e-19,2.56042879264914e-05,1.19666604138752e-16,0.000104170661913536
330,5.20509508673529e-19,2.47148640174145e-05,1.02685096714264e-16,0.000100552054061747
331,4.46604220321672e-19,2.38560806704365e-05,8.8105206134655e-17,9.70581068779057e-05
332,3.8315701471598e-19,2.30268919534938e-05,7.55884656422991e-17,9.36845650030784e-05
333,3.28693139015223e-19,2.22262872751194e-05,6.4843938884242e-17,9.04273168610181e-05
334,2.81945062305022e-19,2.14532902040084e-05,5.56215698435187e-17,8.7282389855587e-05
335,2.41823464928256e-19,2.07069573274969e-05,4.77064596710588e-17,8.42459457264928e-05
336,2.07392273938008e-19,1.99863771476887e-05,4.09139417287239e-17,8.13142760581972e-05
337,1.77847182551354e-19,1.92906690140087e-05,3.50853439492101e-17,7.84837979370273e-05
338,1.52497169264409e-19,1.86189820909992e-05,3.00843429632502e-17,7.57510497516667e-05
339,1.30748599352597e-19,1.79704943602107e-05,2.57938276747158e-17,7.31126871323668e-05
340,1.12091549296058e-19,1.73444116550813e-05,2.21132013700382e-17,7.05654790243661e-05
341,9.60880445081154e-20,1.67399667277274e-05,1.89560612803116e-17,6.8106303891142e-05
342,8.23619437009932e-20,1.61564183466074e-05,1.62482029887677e-17,6.57321460432706e-05
343,7.05902402438409e-20,1.55930504240526e-05,1.39259043797187e-17,6.34400920887974e-05
344,6.04955827700935e-20,1.50491711726898e-05,1.19344501186222e-17,6.12273275011566e-05
345,5.1839844779326e-20,1.45241122898135e-05,1.02268630757258e-17,5.90911333008007e-05
346,4.44185966609953e-20,1.40172281687946e-05,8.76281377773443e-18,5.70288828468303e-05
347,3.80563539687327e-20,1.35278951366432e-05,7.50768299666667e-18,5.50380387350271e-05
348,3.26024933466984e-20,1.30555107168686e-05,6.43175605180278e-18,5.31161497988132e-05
349,2.79277426445933e-20,1.2599492916811e-05,5.50953038644646e-18,5.12608482097695e-05
350,2.392116479192e-20,1.21592795386426e-05,4.71912055254462e-18,4.94698466744543e-05
351,2.04875662255654e-20,1.17343275132635e-05,4.04174695035509e-18,4.77409357243691e-05
352,1.7545270328187e-20,1.13241122563421e-05,3.46129657673132e-18,4.60719810960191e-05
353,1.5024204654211e-20,1.09281270457749e-05,2.9639456768122e-18,4.4460921198115e-05
354,1.28642578816865e-20,1.05458824198607e-05,2.53783560670116e-18,4.29057646630576e-05
355,1.10138685923068e-20,1.01769055955124e-05,2.17279443075183e-18,4.14045879799386e-05
356,9.42881328695036e-21,9.82073990584643e-06,1.86009782364706e-18,3.99555332063821e-05
357,8.07116560936064e-21,9.47694425651338e-06,1.59226374808431e-18,3.85568057566348e-05
358,6.90840267881644e-21,9.14509260015442e-06,1.36287615383465e-18,3.72066722633987e-05
359,5.91263781239894e-21,8.82477342838678e-06,1.16643361069395e-18,3.59034585109824e-05
360,5.0599618250094e-21,8.51558928074164e-06,9.98219361440066e-19,3.46455474374218e-05
